last_name,first_name,middle_name,full_name,type,party,name_cleaned,fullname_cleaned
Inouye,Daniel,K.,Daniel K. Inouye,sen,Democrat,Daniel K. Inouye,Daniel Inouye
Akaka,Daniel,Kahikina,Daniel K. Akaka,sen,Democrat,Daniel K. Akaka,Daniel Akaka
Bingaman,Jeff,,Jeff Bingaman,sen,Democrat,Jeff Bingaman,Jeff Bingaman
Conrad,Kent,Kent,Kent Conrad,sen,Democrat,Kent Conrad,Kent Conrad
Hutchison,Kay,Bailey,Kay Bailey Hutchison,sen,Republican,Kay Bailey Hutchison,Kay Hutchison
Kohl,Herbert,H.,Herb Kohl,sen,Democrat,Herb Kohl,Herb Kohl
Lieberman,Joseph,I.,Joseph I. Lieberman,sen,Independent,Joseph I. Lieberman,Joseph Lieberman
Lugar,Richard,G.,Richard G. Lugar,sen,Republican,Richard G. Lugar,Richard Lugar
Nelson,Ben,E.,Ben Nelson,sen,Democrat,Ben Nelson,Ben Nelson
Snowe,Olympia,J.,Olympia J. Snowe,sen,Republican,Olympia J. Snowe,Olympia Snowe
Webb,Jim,,Jim Webb,sen,Democrat,Jim Webb,Jim Webb
Brown,Scott,,Scott P. Brown,sen,Republican,Scott P. Brown,Scott Brown
DeMint,Jim,W.,Jim DeMint,sen,Republican,Jim DeMint,Jim DeMint
Kerry,John,Forbes,John F. Kerry,sen,Democrat,John F. Kerry,John Kerry
Lautenberg,Frank,R.,Frank R. Lautenberg,sen,Democrat,Frank R. Lautenberg,Frank Lautenberg
Cowan,William,,William M. Cowan,sen,Democrat,William M. Cowan,William Cowan
Chiesa,Jeffrey,Scott,Jeff Chiesa,sen,Republican,Jeff Chiesa,Jeff Chiesa
Baucus,Max,S.,Max Baucus,sen,Democrat,Max Baucus,Max Baucus
Begich,Mark,,Mark Begich,sen,Democrat,Mark Begich,Mark Begich
Chambliss,Saxby,,Saxby Chambliss,sen,Republican,Saxby Chambliss,Saxby Chambliss
Hagan,Kay,,Kay R. Hagan,sen,Democrat,Kay R. Hagan,Kay Hagan
Harkin,Thomas,,Tom Harkin,sen,Democrat,Tom Harkin,Tom Harkin
Johnson,Tim,P.,Tim Johnson,sen,Democrat,Tim Johnson,Tim Johnson
Landrieu,Mary,L.,Mary L. Landrieu,sen,Democrat,Mary L. Landrieu,Mary Landrieu
Levin,Carl,,Carl Levin,sen,Democrat,Carl Levin,Carl Levin
Pryor,Mark,,Mark L. Pryor,sen,Democrat,Mark L. Pryor,Mark Pryor
Rockefeller,John,D.,"John D. Rockefeller, IV",sen,Democrat,John D. Rockefeller,John Rockefeller
Udall,Mark,E.,Mark Udall,sen,Democrat,Mark Udall,Mark Udall
Coburn,Thomas,A.,Tom Coburn,sen,Republican,Tom Coburn,Tom Coburn
Walsh,John,E.,John E. Walsh,sen,Democrat,John E. Walsh,John Walsh
Johanns,Mike,,Mike Johanns,sen,Republican,Mike Johanns,Mike Johanns
Ayotte,Kelly,,Kelly Ayotte,sen,Republican,Kelly Ayotte,Kelly Ayotte
Boxer,Barbara,,Barbara Boxer,sen,Democrat,Barbara Boxer,Barbara Boxer
Coats,Daniel,Ray,Daniel Coats,sen,Republican,Daniel Coats,Daniel Coats
Kirk,Mark,Steven,Mark Kirk,sen,Republican,Mark Kirk,Mark Kirk
Mikulski,Barbara,A.,Barbara A. Mikulski,sen,Democrat,Barbara A. Mikulski,Barbara Mikulski
Reid,Harry,M.,Harry Reid,sen,Democrat,Harry Reid,Harry Reid
Vitter,David,,David Vitter,sen,Republican,David Vitter,David Vitter
Sessions,Jefferson,B.,Jeff Sessions,sen,Republican,Jeff Sessions,Jeff Sessions
Franken,Alan,Stuart,Al Franken,sen,Democrat,Al Franken,Al Franken
Strange,Luther,,Luther Strange,sen,Republican,Luther Strange,Luther Strange
Cochran,Thad,,Thad Cochran,sen,Republican,Thad Cochran,Thad Cochran
McCain,John,S.,John McCain,sen,Republican,John McCain,John McCain
Kyl,Jon,,Jon Kyl,sen,Republican,Jon Kyl,Jon Kyl
Corker,Bob,,Bob Corker,sen,Republican,Bob Corker,Bob Corker
Hatch,Orrin,G.,Orrin G. Hatch,sen,Republican,Orrin G. Hatch,Orrin Hatch
McCaskill,Claire,,Claire McCaskill,sen,Democrat,Claire McCaskill,Claire McCaskill
Nelson,Bill,,Bill Nelson,sen,Democrat,Bill Nelson,Bill Nelson
Donnelly,Joe,,Joe Donnelly,sen,Democrat,Joe Donnelly,Joe Donnelly
Flake,Jeff,,Jeff Flake,sen,Republican,Jeff Flake,Jeff Flake
Heller,Dean,,Dean Heller,sen,Republican,Dean Heller,Dean Heller
Heitkamp,Heidi,,Heidi Heitkamp,sen,Democrat,Heidi Heitkamp,Heidi Heitkamp
Isakson,John,H.,Johnny Isakson,sen,Republican,Johnny Isakson,Johnny Isakson
McSally,Martha,,Martha McSally,sen,Republican,Martha McSally,Martha McSally
Alexander,Lamar,,Lamar Alexander,sen,Republican,Lamar Alexander,Lamar Alexander
Enzi,Michael,B.,Michael B. Enzi,sen,Republican,Michael B. Enzi,Michael Enzi
Roberts,Pat,,Pat Roberts,sen,Republican,Pat Roberts,Pat Roberts
Udall,Tom,S.,Tom Udall,sen,Democrat,Tom Udall,Tom Udall
Gardner,Cory,,Cory Gardner,sen,Republican,Cory Gardner,Cory Gardner
Perdue,David,,David Perdue,sen,Republican,David Perdue,David Perdue
Jones,Doug,,Doug Jones,sen,Democrat,Doug Jones,Doug Jones
Harris,Kamala,,Kamala D. Harris,sen,Democrat,Kamala D. Harris,Kamala Harris
Loeffler,Kelly,,Kelly Loeffler,sen,Republican,Kelly Loeffler,Kelly Loeffler
Brown,Sherrod,,Sherrod Brown,sen,Democrat,Sherrod Brown,Sherrod Brown
Cantwell,Maria,,Maria Cantwell,sen,Democrat,Maria Cantwell,Maria Cantwell
Cardin,Benjamin,L.,Benjamin L. Cardin,sen,Democrat,Benjamin L. Cardin,Benjamin Cardin
Carper,Thomas,Richard,Thomas R. Carper,sen,Democrat,Thomas R. Carper,Thomas Carper
Casey,Robert,P.,"Robert P. Casey, Jr.",sen,Democrat,"Robert P. Casey, Jr.",Robert Jr.
Feinstein,Dianne,,Dianne Feinstein,sen,Democrat,Dianne Feinstein,Dianne Feinstein
Klobuchar,Amy,Jean,Amy Klobuchar,sen,Democrat,Amy Klobuchar,Amy Klobuchar
Menendez,Robert,,Robert Menendez,sen,Democrat,Robert Menendez,Robert Menendez
Sanders,Bernard,,Bernard Sanders,sen,Independent,Bernard Sanders,Bernard Sanders
Stabenow,Debbie,Ann,Debbie Stabenow,sen,Democrat,Debbie Stabenow,Debbie Stabenow
Tester,Jon,,Jon Tester,sen,Democrat,Jon Tester,Jon Tester
Whitehouse,Sheldon,,Sheldon Whitehouse,sen,Democrat,Sheldon Whitehouse,Sheldon Whitehouse
Barrasso,John,A.,John Barrasso,sen,Republican,John Barrasso,John Barrasso
Wicker,Roger,F.,Roger F. Wicker,sen,Republican,Roger F. Wicker,Roger Wicker
Collins,Susan,M.,Susan M. Collins,sen,Republican,Susan M. Collins,Susan Collins
Cornyn,John,,John Cornyn,sen,Republican,John Cornyn,John Cornyn
Durbin,Richard,J.,Richard J. Durbin,sen,Democrat,Richard J. Durbin,Richard Durbin
Graham,Lindsey,O.,Lindsey Graham,sen,Republican,Lindsey Graham,Lindsey Graham
Inhofe,James,M.,James M. Inhofe,sen,Republican,James M. Inhofe,James Inhofe
McConnell,Mitch,,Mitch McConnell,sen,Republican,Mitch McConnell,Mitch McConnell
Merkley,Jeff,,Jeff Merkley,sen,Democrat,Jeff Merkley,Jeff Merkley
Reed,John,F.,Jack Reed,sen,Democrat,Jack Reed,Jack Reed
Risch,James,E.,James E. Risch,sen,Republican,James E. Risch,James Risch
Shaheen,Jeanne,,Jeanne Shaheen,sen,Democrat,Jeanne Shaheen,Jeanne Shaheen
Warner,Mark,R.,Mark R. Warner,sen,Democrat,Mark R. Warner,Mark Warner
Gillibrand,Kirsten,E.,Kirsten E. Gillibrand,sen,Democrat,Kirsten E. Gillibrand,Kirsten Gillibrand
Coons,Christopher,Andrew,Christopher A. Coons,sen,Democrat,Christopher A. Coons,Christopher Coons
Manchin,Joe,,"Joe Manchin, III",sen,Democrat,"Joe Manchin, ",Joe 
Baldwin,Tammy,,Tammy Baldwin,sen,Democrat,Tammy Baldwin,Tammy Baldwin
Bennet,Michael,F.,Michael F. Bennet,sen,Democrat,Michael F. Bennet,Michael Bennet
Blackburn,Marsha,W.,Marsha Blackburn,sen,Republican,Marsha Blackburn,Marsha Blackburn
Blumenthal,Richard,,Richard Blumenthal,sen,Democrat,Richard Blumenthal,Richard Blumenthal
Blunt,Roy,,Roy Blunt,sen,Republican,Roy Blunt,Roy Blunt
Boozman,John,,John Boozman,sen,Republican,John Boozman,John Boozman
Burr,Richard,M.,Richard Burr,sen,Republican,Richard Burr,Richard Burr
Capito,Shelley,Moore,Shelley Moore Capito,sen,Republican,Shelley Moore Capito,Shelley Capito
Cassidy,Bill,,Bill Cassidy,sen,Republican,Bill Cassidy,Bill Cassidy
Crapo,Michael,D.,Mike Crapo,sen,Republican,Mike Crapo,Mike Crapo
Grassley,Charles,E.,Chuck Grassley,sen,Republican,Chuck Grassley,Chuck Grassley
Heinrich,Martin,,Martin Heinrich,sen,Democrat,Martin Heinrich,Martin Heinrich
Hirono,Mazie,K.,Mazie K. Hirono,sen,Democrat,Mazie K. Hirono,Mazie Hirono
Hoeven,John,,John Hoeven,sen,Republican,John Hoeven,John Hoeven
Johnson,Ron,,Ron Johnson,sen,Republican,Ron Johnson,Ron Johnson
Lankford,James,,James Lankford,sen,Republican,James Lankford,James Lankford
Leahy,Patrick,J.,Patrick J. Leahy,sen,Democrat,Patrick J. Leahy,Patrick Leahy
Lee,Mike,,Mike Lee,sen,Republican,Mike Lee,Mike Lee
Luj치n,Ben,Ray,Ben Ray Luj치n,sen,Democrat,Ben Ray Luj치n,Ben Luj치n
Markey,Edward,J.,Edward J. Markey,sen,Democrat,Edward J. Markey,Edward Markey
Moran,Jerry,,Jerry Moran,sen,Republican,Jerry Moran,Jerry Moran
Murkowski,Lisa,A.,Lisa Murkowski,sen,Republican,Lisa Murkowski,Lisa Murkowski
Murphy,Christopher,S.,Christopher Murphy,sen,Democrat,Christopher Murphy,Christopher Murphy
Murray,Patty,,Patty Murray,sen,Democrat,Patty Murray,Patty Murray
Paul,Rand,,Rand Paul,sen,Republican,Rand Paul,Rand Paul
Peters,Gary,C.,Gary C. Peters,sen,Democrat,Gary C. Peters,Gary Peters
Portman,Robert,J.,Rob Portman,sen,Republican,Rob Portman,Rob Portman
Rubio,Marco,,Marco Rubio,sen,Republican,Marco Rubio,Marco Rubio
Schumer,Charles,E.,Charles E. Schumer,sen,Democrat,Charles E. Schumer,Charles Schumer
Scott,Tim,,Tim Scott,sen,Republican,Tim Scott,Tim Scott
Shelby,Richard,C.,Richard C. Shelby,sen,Republican,Richard C. Shelby,Richard Shelby
Thune,John,,John Thune,sen,Republican,John Thune,John Thune
Toomey,Patrick,J.,Patrick J. Toomey,sen,Republican,Patrick J. Toomey,Patrick Toomey
Van Hollen,Chris,,Chris Van Hollen,sen,Democrat,Chris Van Hollen,Chris Hollen
Wyden,Ron,,Ron Wyden,sen,Democrat,Ron Wyden,Ron Wyden
Young,Todd,C.,Todd Young,sen,Republican,Todd Young,Todd Young
Schatz,Brian,Emanuel,Brian Schatz,sen,Democrat,Brian Schatz,Brian Schatz
Cotton,Tom,,Tom Cotton,sen,Republican,Tom Cotton,Tom Cotton
Sinema,Kyrsten,,Kyrsten Sinema,sen,Democrat,Kyrsten Sinema,Kyrsten Sinema
Duckworth,Tammy,,Tammy Duckworth,sen,Democrat,Tammy Duckworth,Tammy Duckworth
Warren,Elizabeth,,Elizabeth Warren,sen,Democrat,Elizabeth Warren,Elizabeth Warren
King,Angus,S.,"Angus S. King, Jr.",sen,Independent,"Angus S. King, Jr.",Angus Jr.
Daines,Steve,,Steve Daines,sen,Republican,Steve Daines,Steve Daines
Cramer,Kevin,,Kevin Cramer,sen,Republican,Kevin Cramer,Kevin Cramer
Fischer,Deb,,Deb Fischer,sen,Republican,Deb Fischer,Deb Fischer
Cruz,Ted,,Ted Cruz,sen,Republican,Ted Cruz,Ted Cruz
Kaine,Timothy,,Tim Kaine,sen,Democrat,Tim Kaine,Tim Kaine
Booker,Cory,Anthony,Cory A. Booker,sen,Democrat,Cory A. Booker,Cory Booker
Sullivan,Dan,,Dan Sullivan,sen,Republican,Dan Sullivan,Dan Sullivan
Ernst,Joni,,Joni Ernst,sen,Republican,Joni Ernst,Joni Ernst
Tillis,Thom,,Thom Tillis,sen,Republican,Thom Tillis,Thom Tillis
Rounds,Mike,,Mike Rounds,sen,Republican,Mike Rounds,Mike Rounds
Sasse,Benjamin,Eric,Ben Sasse,sen,Republican,Ben Sasse,Ben Sasse
Kennedy,John,Neely,John Kennedy,sen,Republican,John Kennedy,John Kennedy
Hassan,Margaret,Wood,Margaret Wood Hassan,sen,Democrat,Margaret Wood Hassan,Margaret Hassan
Cortez Masto,Catherine,,Catherine Cortez Masto,sen,Democrat,Catherine Cortez Masto,Catherine Masto
Marshall,Roger,,Roger Marshall,sen,Republican,Roger Marshall,Roger Marshall
Rosen,Jacky,,Jacky Rosen,sen,Democrat,Jacky Rosen,Jacky Rosen
Smith,Tina,Flint,Tina Smith,sen,Democrat,Tina Smith,Tina Smith
Hyde-Smith,Cindy,,Cindy Hyde-Smith,sen,Republican,Cindy Hyde-Smith,Cindy Hyde-Smith
Scott,Rick,,Rick Scott,sen,Republican,Rick Scott,Rick Scott
Braun,Mike,,Mike Braun,sen,Republican,Mike Braun,Mike Braun
Hawley,Joshua,,Josh Hawley,sen,Republican,Josh Hawley,Josh Hawley
Romney,Mitt,,Mitt Romney,sen,Republican,Mitt Romney,Mitt Romney
Kelly,Mark,,Mark Kelly,sen,Democrat,Mark Kelly,Mark Kelly
Lummis,Cynthia,M.,Cynthia M. Lummis,sen,Republican,Cynthia M. Lummis,Cynthia Lummis
Tuberville,Tommy,Hawley,Tommy Tuberville,sen,Republican,Tommy Tuberville,Tommy Tuberville
Hickenlooper,John,Wright,John W. Hickenlooper,sen,Democrat,John W. Hickenlooper,John Hickenlooper
Hagerty,Bill,Francis,Bill Hagerty,sen,Republican,Bill Hagerty,Bill Hagerty
Padilla,Alejandro,,Alex Padilla,sen,Democrat,Alex Padilla,Alex Padilla
Ossoff,Jon,,Jon Ossoff,sen,Democrat,Jon Ossoff,Jon Ossoff
Warnock,Raphael,Gamaliel,Raphael G. Warnock,sen,Democrat,Raphael G. Warnock,Raphael Warnock
