company,file_name,url
3m,./logos/3m-logo-png-transparent-300x300.png,https://boldwebdesign.com.au/colour-palettes/wp-content/uploads/2019/06/3m-logo-png-transparent-300x300.png
paccar,./logos/PACCAR_logo_blue-300x78.png,https://boldwebdesign.com.au/colour-palettes/wp-content/uploads/2019/06/PACCAR_logo_blue-300x78.png
penske,./logos/1-2-5-300x153.jpg,https://boldwebdesign.com.au/colour-palettes/wp-content/uploads/2019/06/1-2-5-300x153.jpg
whirlpool,./logos/CenturyLink-logo-2-300x100.jpg,https://boldwebdesign.com.au/colour-palettes/wp-content/uploads/2019/06/CenturyLink-logo-2-300x100.jpg
henry-schein,./logos/henry-schein-logo-1-300x70.jpg,https://boldwebdesign.com.au/colour-palettes/wp-content/uploads/2019/06/henry-schein-logo-1-300x70.jpg
a-mark-precious-metals,./logos/AMRK-1-300x126.jpg,https://boldwebdesign.com.au/colour-palettes/wp-content/uploads/2019/06/AMRK-1-300x126.jpg
abbott-laboratories,./logos/6341991-1461959106020413_origin-300x78.png,https://boldwebdesign.com.au/colour-palettes/wp-content/uploads/2019/06/6341991-1461959106020413_origin-300x78.png
abbvie,./logos/AbbVie_logo-300x83.png,https://boldwebdesign.com.au/colour-palettes/wp-content/uploads/2019/06/AbbVie_logo-300x83.png
abm-industries,./logos/1920px-ABM_Industries_logo_2018.svg_-1-300x165.png,https://boldwebdesign.com.au/colour-palettes/wp-content/uploads/2019/06/1920px-ABM_Industries_logo_2018.svg_-1-300x165.png
adobe,./logos/adobe-logo-1-300x125.png,https://boldwebdesign.com.au/colour-palettes/wp-content/uploads/2019/06/adobe-logo-1-300x125.png
adp,./logos/ADP-Logo-1-300x144.png,https://boldwebdesign.com.au/colour-palettes/wp-content/uploads/2019/06/ADP-Logo-1-300x144.png
advance-auto-parts,./logos/Advance-Auto-Parts-Logo-for-Website-2016-1-300x171.jpg,https://boldwebdesign.com.au/colour-palettes/wp-content/uploads/2019/06/Advance-Auto-Parts-Logo-for-Website-2016-1-300x171.jpg
advanced-micro-devices,./logos/AMD_Logo.svg_-1-300x72.png,https://boldwebdesign.com.au/colour-palettes/wp-content/uploads/2019/06/AMD_Logo.svg_-1-300x72.png
aecom,./logos/getmedia_f01f2a5d-0567-4438-9bd7-0c132a271358_AECOM-1.png.aspx_width3305height1181ext-1-300x107.png,https://boldwebdesign.com.au/colour-palettes/wp-content/uploads/2019/06/getmedia_f01f2a5d-0567-4438-9bd7-0c132a271358_AECOM-1.png.aspx_width3305height1181ext-1-300x107.png
aes,./logos/purepng.com-aes-logologobrand-logoiconslogos-2515199405630f7im-1-300x154.png,https://boldwebdesign.com.au/colour-palettes/wp-content/uploads/2019/06/purepng.com-aes-logologobrand-logoiconslogos-2515199405630f7im-1-300x154.png
aflac,./logos/aflac-logo-png-transparent-1-2-300x138.png,https://boldwebdesign.com.au/colour-palettes/wp-content/uploads/2019/06/aflac-logo-png-transparent-1-2-300x138.png
agco,./logos/1280px-AGCO_logo.svg_-1-300x79.png,https://boldwebdesign.com.au/colour-palettes/wp-content/uploads/2019/06/1280px-AGCO_logo.svg_-1-300x79.png
aig,./logos/AIG-Logo-300x170.png,https://boldwebdesign.com.au/colour-palettes/wp-content/uploads/2019/06/AIG-Logo-300x170.png
air-products-chemicals,./logos/Air20Products202620Chemicals_0-1-300x64.png,https://boldwebdesign.com.au/colour-palettes/wp-content/uploads/2019/06/Air20Products202620Chemicals_0-1-300x64.png
ak-steel-holding,./logos/AK-Steel-Holding-Corporation-Logo-1-300x200.png,https://boldwebdesign.com.au/colour-palettes/wp-content/uploads/2019/06/AK-Steel-Holding-Corporation-Logo-1-300x200.png
alaska-air-group,./logos/alaska_airlines_2016_logo-1-300x93.png,https://boldwebdesign.com.au/colour-palettes/wp-content/uploads/2019/06/alaska_airlines_2016_logo-1-300x93.png
albertsons,./logos/albertsons-logo-300x228.png,https://boldwebdesign.com.au/colour-palettes/wp-content/uploads/2019/06/albertsons-logo-300x228.png
alcoa,./logos/Alcoa-logo-horizontal-blue-300x97.png,https://boldwebdesign.com.au/colour-palettes/wp-content/uploads/2019/06/Alcoa-logo-horizontal-blue-300x97.png
alleghany,./logos/Alleghany-1-300x200.png,https://boldwebdesign.com.au/colour-palettes/wp-content/uploads/2019/06/Alleghany-1-300x200.png
alliance-data-systems,./logos/1-4-2-1-300x75.jpg,https://boldwebdesign.com.au/colour-palettes/wp-content/uploads/2019/06/1-4-2-1-300x75.jpg
allstate,./logos/allstate-logo-300x169.png,https://boldwebdesign.com.au/colour-palettes/wp-content/uploads/2019/06/allstate-logo-300x169.png
ally-financial,./logos/allyinvest_productcard-5c61ef86c9e77c00010a4e65-2-300x171.png,https://boldwebdesign.com.au/colour-palettes/wp-content/uploads/2019/06/allyinvest_productcard-5c61ef86c9e77c00010a4e65-2-300x171.png
alphabet,./logos/alphabet-inc-png-open-2000-300x73.png,https://boldwebdesign.com.au/colour-palettes/wp-content/uploads/2019/06/alphabet-inc-png-open-2000-300x73.png
altria-group,./logos/Altria_Group-1-300x114.png,https://boldwebdesign.com.au/colour-palettes/wp-content/uploads/2019/06/Altria_Group-1-300x114.png
amazon-com,./logos/amazon_PNG9-300x60.png,https://boldwebdesign.com.au/colour-palettes/wp-content/uploads/2019/06/amazon_PNG9-300x60.png
ameren,./logos/ameren_logo-1-300x119.png,https://boldwebdesign.com.au/colour-palettes/wp-content/uploads/2019/06/ameren_logo-1-300x119.png
american-airlines-group,./logos/1-8-300x80.jpg,https://boldwebdesign.com.au/colour-palettes/wp-content/uploads/2019/06/1-8-300x80.jpg
american-axle-manufacturing,./logos/aam-management-1-1-300x292.jpg,https://boldwebdesign.com.au/colour-palettes/wp-content/uploads/2019/06/aam-management-1-1-300x292.jpg
american-electric-power,./logos/thumbnailimage.img_-1-300x166.jpg,https://boldwebdesign.com.au/colour-palettes/wp-content/uploads/2019/06/thumbnailimage.img_-1-300x166.jpg
american-express,./logos/AXP_BlueBoxLogo_EXTRALARGEscale_RGB_DIGITAL_1600x1600-300x300.png,https://boldwebdesign.com.au/colour-palettes/wp-content/uploads/2019/06/AXP_BlueBoxLogo_EXTRALARGEscale_RGB_DIGITAL_1600x1600-300x300.png
american-family-insurance-group,./logos/allyinvest_productcard-5c61ef86c9e77c00010a4e65-1-1-300x91.png,https://boldwebdesign.com.au/colour-palettes/wp-content/uploads/2019/06/allyinvest_productcard-5c61ef86c9e77c00010a4e65-1-1-300x91.png
american-financial-group,./logos/1920px-American_Financial_Group_Logo.svg_-1-300x158.png,https://boldwebdesign.com.au/colour-palettes/wp-content/uploads/2019/06/1920px-American_Financial_Group_Logo.svg_-1-300x158.png
american-tower,./logos/AmericanTower_Corp_logo_RGB-300dpi-1-300x156.jpg,https://boldwebdesign.com.au/colour-palettes/wp-content/uploads/2019/06/AmericanTower_Corp_logo_RGB-300dpi-1-300x156.jpg
ameriprise-financial,./logos/o-1-300x300.jpg,https://boldwebdesign.com.au/colour-palettes/wp-content/uploads/2019/06/o-1-300x300.jpg
amerisource-bergen,./logos/AmerisourceBergen_logo.svg_-300x82.png,https://boldwebdesign.com.au/colour-palettes/wp-content/uploads/2019/06/AmerisourceBergen_logo.svg_-300x82.png
amgen,./logos/Amgen-300x89.jpg,https://boldwebdesign.com.au/colour-palettes/wp-content/uploads/2019/06/Amgen-300x89.jpg
amphenol,./logos/Amphenol-1-300x94.png,https://boldwebdesign.com.au/colour-palettes/wp-content/uploads/2019/06/Amphenol-1-300x94.png
anadarko-petroleum,./logos/1-9-300x68.jpg,https://boldwebdesign.com.au/colour-palettes/wp-content/uploads/2019/06/1-9-300x68.jpg
analog-devices,./logos/Analog_Devices_Logo.svg_-1-300x121.png,https://boldwebdesign.com.au/colour-palettes/wp-content/uploads/2019/06/Analog_Devices_Logo.svg_-1-300x121.png
anixter-international,./logos/Anixtere-logo-EDIT-1-300x160.jpg,https://boldwebdesign.com.au/colour-palettes/wp-content/uploads/2019/06/Anixtere-logo-EDIT-1-300x160.jpg
anthem,./logos/Anthem_logo_logotype-300x89.png,https://boldwebdesign.com.au/colour-palettes/wp-content/uploads/2019/06/Anthem_logo_logotype-300x89.png
apache,./logos/Apache-1-300x122.png,https://boldwebdesign.com.au/colour-palettes/wp-content/uploads/2019/06/Apache-1-300x122.png
apple,./logos/Apple-logo-grey-880x625-300x213.png,https://boldwebdesign.com.au/colour-palettes/wp-content/uploads/2019/06/Apple-logo-grey-880x625-300x213.png
aramark,./logos/d4b1693ac1f5de4253af1d9df96ef0e8-1-300x85.jpeg,https://boldwebdesign.com.au/colour-palettes/wp-content/uploads/2019/06/d4b1693ac1f5de4253af1d9df96ef0e8-1-300x85.jpeg
archer-daniels-midland,./logos/41a0fddeecb441b52d9a3ed87e27993d-268x300.png,https://boldwebdesign.com.au/colour-palettes/wp-content/uploads/2019/06/41a0fddeecb441b52d9a3ed87e27993d-268x300.png
arconic,./logos/logo-white-1-300x200.jpg,https://boldwebdesign.com.au/colour-palettes/wp-content/uploads/2019/06/logo-white-1-300x200.jpg
arthur-j-gallagher,./logos/Arthur-J-Gallagher-1-300x91.jpg,https://boldwebdesign.com.au/colour-palettes/wp-content/uploads/2019/06/Arthur-J-Gallagher-1-300x91.jpg
asbury-automotive-group,./logos/39590306-15052816937307673_origin-1-300x91.png,https://boldwebdesign.com.au/colour-palettes/wp-content/uploads/2019/06/39590306-15052816937307673_origin-1-300x91.png
ascena-retail-group,./logos/1-1-4-1-300x285.jpg,https://boldwebdesign.com.au/colour-palettes/wp-content/uploads/2019/06/1-1-4-1-300x285.jpg
assurant,./logos/Assurant_logo-1-300x63.png,https://boldwebdesign.com.au/colour-palettes/wp-content/uploads/2019/06/Assurant_logo-1-300x63.png
att,./logos/5c17bf078ea9e2335da5e5fc_Color-ATT-Logo-300x169.jpg,https://boldwebdesign.com.au/colour-palettes/wp-content/uploads/2019/06/5c17bf078ea9e2335da5e5fc_Color-ATT-Logo-300x169.jpg
auto-owners-insurance,./logos/Auto-Owners_Insurance_logo_logotype-1-300x61.png,https://boldwebdesign.com.au/colour-palettes/wp-content/uploads/2019/06/Auto-Owners_Insurance_logo_logotype-1-300x61.png
autoliv,./logos/Autoliv_logo-1-300x113.png,https://boldwebdesign.com.au/colour-palettes/wp-content/uploads/2019/06/Autoliv_logo-1-300x113.png
autonation,./logos/20190422_104119v-1-300x157.jpg,https://boldwebdesign.com.au/colour-palettes/wp-content/uploads/2019/06/20190422_104119v-1-300x157.jpg
autozone,./logos/5351851f45d3031615002b9cc5974284-1-300x73.jpeg,https://boldwebdesign.com.au/colour-palettes/wp-content/uploads/2019/06/5351851f45d3031615002b9cc5974284-1-300x73.jpeg
avery-dennison,./logos/Avery-Dennison-1-300x99.jpg,https://boldwebdesign.com.au/colour-palettes/wp-content/uploads/2019/06/Avery-Dennison-1-300x99.jpg
avis-budget-group,./logos/avis-1-1-300x59.jpg,https://boldwebdesign.com.au/colour-palettes/wp-content/uploads/2019/06/avis-1-1-300x59.jpg
avnet,./logos/avnet-2c-nobkg-website-1-300x82.png,https://boldwebdesign.com.au/colour-palettes/wp-content/uploads/2019/06/avnet-2c-nobkg-website-1-300x82.png
ball,./logos/1-1-1-2-300x300.jpg,https://boldwebdesign.com.au/colour-palettes/wp-content/uploads/2019/06/1-1-1-2-300x300.jpg
bank-of-america,./logos/Bank_of_America_logo-300x46.png,https://boldwebdesign.com.au/colour-palettes/wp-content/uploads/2019/06/Bank_of_America_logo-300x46.png
bank-of-new-york-mellon,./logos/Bank-of-New-York-Mellon-Logo.svg_-1-300x160.png,https://boldwebdesign.com.au/colour-palettes/wp-content/uploads/2019/06/Bank-of-New-York-Mellon-Logo.svg_-1-300x160.png
baxter-international,./logos/e23edf0cc44fc94e4ee3bf2aedab6400-1-300x60.png,https://boldwebdesign.com.au/colour-palettes/wp-content/uploads/2019/06/e23edf0cc44fc94e4ee3bf2aedab6400-1-300x60.png
bbt-corp,./logos/HX7ZOHXGS5CM7C4WEBMCRMOZLQ-1-300x150.jpg,https://boldwebdesign.com.au/colour-palettes/wp-content/uploads/2019/06/HX7ZOHXGS5CM7C4WEBMCRMOZLQ-1-300x150.jpg
beacon-roofing-supply,./logos/beacon-logo-partner-1-300x63.png,https://boldwebdesign.com.au/colour-palettes/wp-content/uploads/2019/06/beacon-logo-partner-1-300x63.png
becton-dickinson,./logos/Becton_Dickinson_Logo-1-300x117.png,https://boldwebdesign.com.au/colour-palettes/wp-content/uploads/2019/06/Becton_Dickinson_Logo-1-300x117.png
bed-bath-beyond,./logos/purepng.com-bed-bath-beyond-logologobrand-logoiconslogos-251519938589ts5tm-1-300x103.png,https://boldwebdesign.com.au/colour-palettes/wp-content/uploads/2019/06/purepng.com-bed-bath-beyond-logologobrand-logoiconslogos-251519938589ts5tm-1-300x103.png
berkshire-hathaway,./logos/purepng.com-berkshire-hathaway-logologobrand-logoiconslogos-251519939038h7gnv-300x222.png,https://boldwebdesign.com.au/colour-palettes/wp-content/uploads/2019/06/purepng.com-berkshire-hathaway-logologobrand-logoiconslogos-251519939038h7gnv-300x222.png
berry-global-group,./logos/Berry-for-web-1-300x183.png,https://boldwebdesign.com.au/colour-palettes/wp-content/uploads/2019/06/Berry-for-web-1-300x183.png
best-buy,./logos/1280px-Best_Buy_Logo.svg-1-300x207.png,https://boldwebdesign.com.au/colour-palettes/wp-content/uploads/2019/06/1280px-Best_Buy_Logo.svg-1-300x207.png
biogen,./logos/Biogen_logo_logotype_symbol-1-300x100.png,https://boldwebdesign.com.au/colour-palettes/wp-content/uploads/2019/06/Biogen_logo_logotype_symbol-1-300x100.png
bjs-wholesale-club,./logos/1-1-5-300x238.jpg,https://boldwebdesign.com.au/colour-palettes/wp-content/uploads/2019/06/1-1-5-300x238.jpg
blackrock,./logos/unnamed-2-300x300.jpg,https://boldwebdesign.com.au/colour-palettes/wp-content/uploads/2019/06/unnamed-2-300x300.jpg
blackstone-group,./logos/28656bda0b676e5622425075bd0fa442-1-300x117.jpeg,https://boldwebdesign.com.au/colour-palettes/wp-content/uploads/2019/06/28656bda0b676e5622425075bd0fa442-1-300x117.jpeg
boeing,./logos/boeing_logo-300x113.png,https://boldwebdesign.com.au/colour-palettes/wp-content/uploads/2019/06/boeing_logo-300x113.png
booking-holdings,./logos/bkng-logo-1-300x72.png,https://boldwebdesign.com.au/colour-palettes/wp-content/uploads/2019/06/bkng-logo-1-300x72.png
booz-allen-hamilton,./logos/1920px-Booz_Allen_Hamilton_logo.svg_-1-300x48.png,https://boldwebdesign.com.au/colour-palettes/wp-content/uploads/2019/06/1920px-Booz_Allen_Hamilton_logo.svg_-1-300x48.png
borgwarner,./logos/BorgWarner-1-300x83.jpg,https://boldwebdesign.com.au/colour-palettes/wp-content/uploads/2019/06/BorgWarner-1-300x83.jpg
boston-scientific,./logos/BSC_541blue_RGB-1-300x108.jpg,https://boldwebdesign.com.au/colour-palettes/wp-content/uploads/2019/06/BSC_541blue_RGB-1-300x108.jpg
brighthouse-financial,./logos/1024px-Brighthouse_Financial_logo.svg_-1-300x72.png,https://boldwebdesign.com.au/colour-palettes/wp-content/uploads/2019/06/1024px-Brighthouse_Financial_logo.svg_-1-300x72.png
bristol-myers-squibb,./logos/PNGPIX-COM-Bristol-Myers-Squibb-Logo-PNG-Transparent-2-300x50.png,https://boldwebdesign.com.au/colour-palettes/wp-content/uploads/2019/06/PNGPIX-COM-Bristol-Myers-Squibb-Logo-PNG-Transparent-2-300x50.png
broadcom,./logos/broadcom-logo-png-transparent-1-300x300.png,https://boldwebdesign.com.au/colour-palettes/wp-content/uploads/2019/06/broadcom-logo-png-transparent-1-300x300.png
builders-firstsource,./logos/BuildersFirstSource_logo_1174412-1-300x86.png,https://boldwebdesign.com.au/colour-palettes/wp-content/uploads/2019/06/BuildersFirstSource_logo_1174412-1-300x86.png
burlington-stores,./logos/Burlington_Stores_logo-1-300x67.png,https://boldwebdesign.com.au/colour-palettes/wp-content/uploads/2019/06/Burlington_Stores_logo-1-300x67.png
c-h-robinson-worldwide,./logos/CHRobinson_FullColorFlat_HiRes-1-300x78.jpg,https://boldwebdesign.com.au/colour-palettes/wp-content/uploads/2019/06/CHRobinson_FullColorFlat_HiRes-1-300x78.jpg
caesars-entertainment,./logos/100-1-2-1-300x214.jpg,https://boldwebdesign.com.au/colour-palettes/wp-content/uploads/2019/06/100-1-2-1-300x214.jpg
calpine,./logos/calpine-brand-1-300x76.png,https://boldwebdesign.com.au/colour-palettes/wp-content/uploads/2019/06/calpine-brand-1-300x76.png
campbell-soup,./logos/270-2700481_campbell-soup-logo-campbell-soup-company-1-300x118.png,https://boldwebdesign.com.au/colour-palettes/wp-content/uploads/2019/06/270-2700481_campbell-soup-logo-campbell-soup-company-1-300x118.png
capital-one-financial,./logos/bc-300x104.jpg,https://boldwebdesign.com.au/colour-palettes/wp-content/uploads/2019/06/bc-300x104.jpg
cardinal-health,./logos/purepng.com-cardinal-health-logologobrand-logoiconslogos-251519938693cbgow-1-300x116.png,https://boldwebdesign.com.au/colour-palettes/wp-content/uploads/2019/06/purepng.com-cardinal-health-logologobrand-logoiconslogos-251519938693cbgow-1-300x116.png
carmax,./logos/Does-CarMax-Do-Oil-Changes-Featured-Image-300x167.png,https://boldwebdesign.com.au/colour-palettes/wp-content/uploads/2019/06/Does-CarMax-Do-Oil-Changes-Featured-Image-300x167.png
caseys-general-stores,./logos/Caseys-General-Stores-1-300x277.png,https://boldwebdesign.com.au/colour-palettes/wp-content/uploads/2019/06/Caseys-General-Stores-1-300x277.png
caterpillar,./logos/caterpillar-logo-300x225.png,https://boldwebdesign.com.au/colour-palettes/wp-content/uploads/2019/06/caterpillar-logo-300x225.png
cbre-group,./logos/CBRE-Group-logo-1-300x86.png,https://boldwebdesign.com.au/colour-palettes/wp-content/uploads/2019/06/CBRE-Group-logo-1-300x86.png
cdw,./logos/CDW_Logo.svg_-1-300x150.png,https://boldwebdesign.com.au/colour-palettes/wp-content/uploads/2019/06/CDW_Logo.svg_-1-300x150.png
celanese,./logos/Celanese-1-300x167.png,https://boldwebdesign.com.au/colour-palettes/wp-content/uploads/2019/06/Celanese-1-300x167.png
celgene,./logos/celgene_logo_download-1-300x264.png,https://boldwebdesign.com.au/colour-palettes/wp-content/uploads/2019/06/celgene_logo_download-1-300x264.png
centene,./logos/Centene-Logo-300x74.jpg,https://boldwebdesign.com.au/colour-palettes/wp-content/uploads/2019/06/Centene-Logo-300x74.jpg
centerpoint-energy,./logos/1-5-2-300x176.jpg,https://boldwebdesign.com.au/colour-palettes/wp-content/uploads/2019/06/1-5-2-300x176.jpg
centurylink,./logos/CenturyLink-logo-1-300x66.jpg,https://boldwebdesign.com.au/colour-palettes/wp-content/uploads/2019/06/CenturyLink-logo-1-300x66.jpg
charles-schwab,./logos/2000px-Charles_Schwab_Corporation_logo.svg_-1-300x300.png,https://boldwebdesign.com.au/colour-palettes/wp-content/uploads/2019/06/2000px-Charles_Schwab_Corporation_logo.svg_-1-300x300.png
charter-communications,./logos/CHARTERCOM_PMS_Logo_Color-300x95.jpg,https://boldwebdesign.com.au/colour-palettes/wp-content/uploads/2019/06/CHARTERCOM_PMS_Logo_Color-300x95.jpg
chemours,./logos/chemours_logo-1-300x85.png,https://boldwebdesign.com.au/colour-palettes/wp-content/uploads/2019/06/chemours_logo-1-300x85.png
cheniere-energy,./logos/1-3-3-1-300x93.jpg,https://boldwebdesign.com.au/colour-palettes/wp-content/uploads/2019/06/1-3-3-1-300x93.jpg
chesapeake-energy,./logos/1f879b18cdc78f141802e182a20e2350-1-300x177.jpeg,https://boldwebdesign.com.au/colour-palettes/wp-content/uploads/2019/06/1f879b18cdc78f141802e182a20e2350-1-300x177.jpeg
chevron,./logos/d747d906-1d9f-4605-925d-e4d99723c027.png_Chevron_Logo.svg_-268x300.png,https://boldwebdesign.com.au/colour-palettes/wp-content/uploads/2019/06/d747d906-1d9f-4605-925d-e4d99723c027.png_Chevron_Logo.svg_-268x300.png
chs,./logos/1280px-CHS_Inc._logo.svg_-300x168.png,https://boldwebdesign.com.au/colour-palettes/wp-content/uploads/2019/06/1280px-CHS_Inc._logo.svg_-300x168.png
cigna,./logos/cigna-logo-1-300x98.png,https://boldwebdesign.com.au/colour-palettes/wp-content/uploads/2019/06/cigna-logo-1-300x98.png
cintas,./logos/cintas_logo2-1-1-300x132.jpg,https://boldwebdesign.com.au/colour-palettes/wp-content/uploads/2019/06/cintas_logo2-1-1-300x132.jpg
cisco-systems,./logos/1200px-Cisco_logo_blue_2016.svg_-300x158.png,https://boldwebdesign.com.au/colour-palettes/wp-content/uploads/2019/06/1200px-Cisco_logo_blue_2016.svg_-300x158.png
citigroup,./logos/citigroup-logo-png-transparent-300x300.png,https://boldwebdesign.com.au/colour-palettes/wp-content/uploads/2019/06/citigroup-logo-png-transparent-300x300.png
citizens-financial-group,./logos/Citizens-Financial-Group-1-300x66.png,https://boldwebdesign.com.au/colour-palettes/wp-content/uploads/2019/06/Citizens-Financial-Group-1-300x66.png
clorox,./logos/1920px-The_Clorox_Company_logo.svg_-1-300x87.png,https://boldwebdesign.com.au/colour-palettes/wp-content/uploads/2019/06/1920px-The_Clorox_Company_logo.svg_-1-300x87.png
cms-energy,./logos/CMS_Energy_Logo_calogo1910-1-300x169.jpg,https://boldwebdesign.com.au/colour-palettes/wp-content/uploads/2019/06/CMS_Energy_Logo_calogo1910-1-300x169.jpg
coca-cola,./logos/coca-cola-logo-300x98.png,https://boldwebdesign.com.au/colour-palettes/wp-content/uploads/2019/06/coca-cola-logo-300x98.png
cognizant-technology-solutions,./logos/1-4-3-300x64.jpg,https://boldwebdesign.com.au/colour-palettes/wp-content/uploads/2019/06/1-4-3-300x64.jpg
colgate-palmolive,./logos/Colgate_palmolive_logo_emblem_logotype-1-300x43.png,https://boldwebdesign.com.au/colour-palettes/wp-content/uploads/2019/06/Colgate_palmolive_logo_emblem_logotype-1-300x43.png
comcast,./logos/corporate_Official-Comcast-Logo-300x169.png,https://boldwebdesign.com.au/colour-palettes/wp-content/uploads/2019/06/corporate_Official-Comcast-Logo-300x169.png
community-health-systems,./logos/93235-5a2eea12416f3-1-300x54.png,https://boldwebdesign.com.au/colour-palettes/wp-content/uploads/2019/06/93235-5a2eea12416f3-1-300x54.png
conagra-brands,./logos/698de570-b3f0-46f3-9adf-e1566ebfb72b-1-300x221.png,https://boldwebdesign.com.au/colour-palettes/wp-content/uploads/2019/06/698de570-b3f0-46f3-9adf-e1566ebfb72b-1-300x221.png
conocophillips,./logos/c-1-300x300.png,https://boldwebdesign.com.au/colour-palettes/wp-content/uploads/2019/06/c-1-300x300.png
consolidated-edison,./logos/Consolidated-Edison-Logo-PNG-Transparent-1-300x69.png,https://boldwebdesign.com.au/colour-palettes/wp-content/uploads/2019/06/Consolidated-Edison-Logo-PNG-Transparent-1-300x69.png
constellation-brands,./logos/Constellation-Brands-1-1-300x200.png,https://boldwebdesign.com.au/colour-palettes/wp-content/uploads/2019/06/Constellation-Brands-1-1-300x200.png
core-mark-holding,./logos/coremarklogo2015proxy-1-300x83.jpg,https://boldwebdesign.com.au/colour-palettes/wp-content/uploads/2019/06/coremarklogo2015proxy-1-300x83.jpg
corning,./logos/Corning-300x253.jpg,https://boldwebdesign.com.au/colour-palettes/wp-content/uploads/2019/06/Corning-300x253.jpg
costco-wholesale,./logos/costco-wholesale-logo-300x107.png,https://boldwebdesign.com.au/colour-palettes/wp-content/uploads/2019/06/costco-wholesale-logo-300x107.png
coty,./logos/coty-inc-vector-logo-1-300x167.png,https://boldwebdesign.com.au/colour-palettes/wp-content/uploads/2019/06/coty-inc-vector-logo-1-300x167.png
crown-holdings,./logos/2000px-Crown_Holdings_logo.svg_-1-300x68.png,https://boldwebdesign.com.au/colour-palettes/wp-content/uploads/2019/06/2000px-Crown_Holdings_logo.svg_-1-300x68.png
csx,./logos/65043a3287c150f9c59ae06e5d81711b-1-300x136.png,https://boldwebdesign.com.au/colour-palettes/wp-content/uploads/2019/06/65043a3287c150f9c59ae06e5d81711b-1-300x136.png
cummins,./logos/decal_cummins_white-300x300.jpg,https://boldwebdesign.com.au/colour-palettes/wp-content/uploads/2019/06/decal_cummins_white-300x300.jpg
cvs-health,./logos/CVS-Health-Logo--300x180.jpg,https://boldwebdesign.com.au/colour-palettes/wp-content/uploads/2019/06/CVS-Health-Logo--300x180.jpg
d-r-horton,./logos/1200px-D._R._Horton_logo.svg_-1-300x175.png,https://boldwebdesign.com.au/colour-palettes/wp-content/uploads/2019/06/1200px-D._R._Horton_logo.svg_-1-300x175.png
dana,./logos/1280px-Dana_Incorporated_logo.svg_-1-300x164.png,https://boldwebdesign.com.au/colour-palettes/wp-content/uploads/2019/06/1280px-Dana_Incorporated_logo.svg_-1-300x164.png
danaher,./logos/Danaher-Logo-1-300x151.jpg,https://boldwebdesign.com.au/colour-palettes/wp-content/uploads/2019/06/Danaher-Logo-1-300x151.jpg
darden-restaurants,./logos/logo-darden-hires-1-300x75.jpg,https://boldwebdesign.com.au/colour-palettes/wp-content/uploads/2019/06/logo-darden-hires-1-300x75.jpg
davita,./logos/DaVita_Logo_RGB_F-1-300x115.png,https://boldwebdesign.com.au/colour-palettes/wp-content/uploads/2019/06/DaVita_Logo_RGB_F-1-300x115.png
dcp-midstream,./logos/rawImage-1-300x148.jpg,https://boldwebdesign.com.au/colour-palettes/wp-content/uploads/2019/06/rawImage-1-300x148.jpg
dean-foods,./logos/1200px-Dean_Foods.svg_-1-300x300.png,https://boldwebdesign.com.au/colour-palettes/wp-content/uploads/2019/06/1200px-Dean_Foods.svg_-1-300x300.png
deere,./logos/purepng.com-john-deere-logologobrand-logoiconslogos-251519940792ghsgu-300x207.png,https://boldwebdesign.com.au/colour-palettes/wp-content/uploads/2019/06/purepng.com-john-deere-logologobrand-logoiconslogos-251519940792ghsgu-300x207.png
delek-us-holdings,./logos/Delek_US.5a6a3949d0160-1-300x300.jpg,https://boldwebdesign.com.au/colour-palettes/wp-content/uploads/2019/06/Delek_US.5a6a3949d0160-1-300x300.jpg
delta-air-lines,./logos/Delta_Air_Lines_logo-300x79.png,https://boldwebdesign.com.au/colour-palettes/wp-content/uploads/2019/06/Delta_Air_Lines_logo-300x79.png
devon-energy,./logos/Devon_logo-1-300x145.png,https://boldwebdesign.com.au/colour-palettes/wp-content/uploads/2019/06/Devon_logo-1-300x145.png
dicks-sporting-goods,./logos/Q_Top100_Logos_Dicks-1-1-300x144.jpg,https://boldwebdesign.com.au/colour-palettes/wp-content/uploads/2019/06/Q_Top100_Logos_Dicks-1-1-300x144.jpg
dillards,./logos/dillards-logo-1-300x91.png,https://boldwebdesign.com.au/colour-palettes/wp-content/uploads/2019/06/dillards-logo-1-300x91.png
discover-financial-services,./logos/Discover20Financial20Services-1-300x63.png,https://boldwebdesign.com.au/colour-palettes/wp-content/uploads/2019/06/Discover20Financial20Services-1-300x63.png
dish-network,./logos/DISH_Logo-1-300x130.jpg,https://boldwebdesign.com.au/colour-palettes/wp-content/uploads/2019/06/DISH_Logo-1-300x130.jpg
dollar-genera,./logos/Dollar-General-Logo-300x56.png,https://boldwebdesign.com.au/colour-palettes/wp-content/uploads/2019/06/Dollar-General-Logo-300x56.png
dollar-tree,./logos/Dollar_Tree_logo-300x38.png,https://boldwebdesign.com.au/colour-palettes/wp-content/uploads/2019/06/Dollar_Tree_logo-300x38.png
dominion-energy,./logos/100-1-1-1-300x157.jpg,https://boldwebdesign.com.au/colour-palettes/wp-content/uploads/2019/06/100-1-1-1-300x157.jpg
dover,./logos/1920px-Dover_Corporation_logo.svg_-1-300x103.png,https://boldwebdesign.com.au/colour-palettes/wp-content/uploads/2019/06/1920px-Dover_Corporation_logo.svg_-1-300x103.png
dowdupont,./logos/09640-buscon8-dupont-300x133.jpg,https://boldwebdesign.com.au/colour-palettes/wp-content/uploads/2019/06/09640-buscon8-dupont-300x133.jpg
dte-energy,./logos/dte-e1527880935456-2-300x79.jpg,https://boldwebdesign.com.au/colour-palettes/wp-content/uploads/2019/06/dte-e1527880935456-2-300x79.jpg
duke-energy,./logos/duke-energy-logo-300x96.png,https://boldwebdesign.com.au/colour-palettes/wp-content/uploads/2019/06/duke-energy-logo-300x96.png
dxc-technology,./logos/dxc_logo_hz_blk_rgb_300-300x53.png,https://boldwebdesign.com.au/colour-palettes/wp-content/uploads/2019/06/dxc_logo_hz_blk_rgb_300-300x53.png
eastman-chemical,./logos/Eastman-Logo-12-1-300x61.jpg,https://boldwebdesign.com.au/colour-palettes/wp-content/uploads/2019/06/Eastman-Logo-12-1-300x61.jpg
ebay,./logos/logo-ebay-1-300x300.png,https://boldwebdesign.com.au/colour-palettes/wp-content/uploads/2019/06/logo-ebay-1-300x300.png
ecolab,./logos/46eceb8633d499c892848d643f959cdd-1-300x60.jpeg,https://boldwebdesign.com.au/colour-palettes/wp-content/uploads/2019/06/46eceb8633d499c892848d643f959cdd-1-300x60.jpeg
edison-international,./logos/Edison20International-1-300x80.png,https://boldwebdesign.com.au/colour-palettes/wp-content/uploads/2019/06/Edison20International-1-300x80.png
edward-jones,./logos/edward-jones-logo-1-1-300x181.jpg,https://boldwebdesign.com.au/colour-palettes/wp-content/uploads/2019/06/edward-jones-logo-1-1-300x181.jpg
eli-lilly,./logos/Eli_Lilly_and_Company-300x164.png,https://boldwebdesign.com.au/colour-palettes/wp-content/uploads/2019/06/Eli_Lilly_and_Company-300x164.png
emcor-group,./logos/Emcor_logo-1-300x169.png,https://boldwebdesign.com.au/colour-palettes/wp-content/uploads/2019/06/Emcor_logo-1-300x169.png
emerson-electric,./logos/30322a6dc5b632123cbb78b484a6c783-1-300x232.png,https://boldwebdesign.com.au/colour-palettes/wp-content/uploads/2019/06/30322a6dc5b632123cbb78b484a6c783-1-300x232.png
energy-transfer,./logos/ET-1920-WEB-300x169.png,https://boldwebdesign.com.au/colour-palettes/wp-content/uploads/2019/06/ET-1920-WEB-300x169.png
enlink-midstream,./logos/1-5-1-1-300x270.jpg,https://boldwebdesign.com.au/colour-palettes/wp-content/uploads/2019/06/1-5-1-1-300x270.jpg
entergy,./logos/ENT_LOGO_H_RB_4C-1-300x129.jpg,https://boldwebdesign.com.au/colour-palettes/wp-content/uploads/2019/06/ENT_LOGO_H_RB_4C-1-300x129.jpg
enterprise-products-partners,./logos/Enterprise-Products-Partners-L.P.-logo-300x100.jpg,https://boldwebdesign.com.au/colour-palettes/wp-content/uploads/2019/06/Enterprise-Products-Partners-L.P.-logo-300x100.jpg
eog-resources,./logos/1280px-EOG_Resources_logo.svg_-1-300x77.png,https://boldwebdesign.com.au/colour-palettes/wp-content/uploads/2019/06/1280px-EOG_Resources_logo.svg_-1-300x77.png
erie-insurance-group,./logos/1-2-4-1-300x125.jpg,https://boldwebdesign.com.au/colour-palettes/wp-content/uploads/2019/06/1-2-4-1-300x125.jpg
estee-lauder,./logos/Estee_Lauder_Logo-1-300x51.jpg,https://boldwebdesign.com.au/colour-palettes/wp-content/uploads/2019/06/Estee_Lauder_Logo-1-300x51.jpg
eversource-energy,./logos/Eversource_logo_Social-1-300x158.jpg,https://boldwebdesign.com.au/colour-palettes/wp-content/uploads/2019/06/Eversource_logo_Social-1-300x158.jpg
exelon,./logos/purepng.com-exelon-logologobrand-logoiconslogos-251519940495owpgw-300x77.png,https://boldwebdesign.com.au/colour-palettes/wp-content/uploads/2019/06/purepng.com-exelon-logologobrand-logoiconslogos-251519940495owpgw-300x77.png
expedia-group,./logos/1547129702.674_114_o-1-300x300.jpg,https://boldwebdesign.com.au/colour-palettes/wp-content/uploads/2019/06/1547129702.674_114_o-1-300x300.jpg
expeditors-intl-of-washington,./logos/expeditors-large-1-300x88.png,https://boldwebdesign.com.au/colour-palettes/wp-content/uploads/2019/06/expeditors-large-1-300x88.png
exxon-mobil,./logos/ExxonMobil-logo-300x80.png,https://boldwebdesign.com.au/colour-palettes/wp-content/uploads/2019/06/ExxonMobil-logo-300x80.png
facebook,./logos/facebook-3-logo-png-transparent-300x300.png,https://boldwebdesign.com.au/colour-palettes/wp-content/uploads/2019/06/facebook-3-logo-png-transparent-300x300.png
fannie-mae,./logos/Fannie-Mae-Logo-300x202.png,https://boldwebdesign.com.au/colour-palettes/wp-content/uploads/2019/05/Fannie-Mae-Logo-300x202.png
farmers-insurance-exchange,./logos/purepng.com-farmers-insurance-exchange-logologobrand-logoiconslogos-251519939032okora-1-300x165.png,https://boldwebdesign.com.au/colour-palettes/wp-content/uploads/2019/06/purepng.com-farmers-insurance-exchange-logologobrand-logoiconslogos-251519939032okora-1-300x165.png
fedex,./logos/FedEx-Logo-PNG-Transparent-300x96.png,https://boldwebdesign.com.au/colour-palettes/wp-content/uploads/2019/06/FedEx-Logo-PNG-Transparent-300x96.png
fidelity-national-financial,./logos/1920px-Fidelity_National_Financial_logo.svg_-1-300x106.png,https://boldwebdesign.com.au/colour-palettes/wp-content/uploads/2019/06/1920px-Fidelity_National_Financial_logo.svg_-1-300x106.png
fidelity-national-information-services,./logos/FIS-logo-WEB-1-300x169.png,https://boldwebdesign.com.au/colour-palettes/wp-content/uploads/2019/06/FIS-logo-WEB-1-300x169.png
fifth-third-bancorp,./logos/Fifth-Third-Bank-Logo-1-300x98.jpg,https://boldwebdesign.com.au/colour-palettes/wp-content/uploads/2019/06/Fifth-Third-Bank-Logo-1-300x98.jpg
first-american-financial,./logos/firstamerican_vert_blu_300hires_calogo2024_0-1-300x241.jpg,https://boldwebdesign.com.au/colour-palettes/wp-content/uploads/2019/06/firstamerican_vert_blu_300hires_calogo2024_0-1-300x241.jpg
first-data,./logos/OGP-Insights-1-300x300.jpg,https://boldwebdesign.com.au/colour-palettes/wp-content/uploads/2019/06/OGP-Insights-1-300x300.jpg
firstenergy,./logos/First_Energy_logo_FirstEnergy-1-300x79.png,https://boldwebdesign.com.au/colour-palettes/wp-content/uploads/2019/06/First_Energy_logo_FirstEnergy-1-300x79.png
fiserv,./logos/1920px-Fiserv_logo.svg_-1-300x151.png,https://boldwebdesign.com.au/colour-palettes/wp-content/uploads/2019/06/1920px-Fiserv_logo.svg_-1-300x151.png
fluor,./logos/purepng.com-fluor-logologobrand-logoiconslogos-2515199404779vv1n-1-300x83.png,https://boldwebdesign.com.au/colour-palettes/wp-content/uploads/2019/06/purepng.com-fluor-logologobrand-logoiconslogos-2515199404779vv1n-1-300x83.png
foot-locker,./logos/Foot-Locker-logo-2-300x182.jpg,https://boldwebdesign.com.au/colour-palettes/wp-content/uploads/2019/06/Foot-Locker-logo-2-300x182.jpg
ford-motor,./logos/Ford-Motor-Company-Logo-300x114.png,https://boldwebdesign.com.au/colour-palettes/wp-content/uploads/2019/06/Ford-Motor-Company-Logo-300x114.png
fortive,./logos/Fortive-1-300x300.jpg,https://boldwebdesign.com.au/colour-palettes/wp-content/uploads/2019/06/Fortive-1-300x300.jpg
franklin-resources,./logos/Franklin-Resources-Inc.-logo-1-300x150.png,https://boldwebdesign.com.au/colour-palettes/wp-content/uploads/2019/06/Franklin-Resources-Inc.-logo-1-300x150.png
freddie-mac,./logos/purepng.com-freddie-mac-logologobrand-logoiconslogos-251519939275pjgty-300x118.png,https://boldwebdesign.com.au/colour-palettes/wp-content/uploads/2019/06/purepng.com-freddie-mac-logologobrand-logoiconslogos-251519939275pjgty-300x118.png
freeport-mcmoran,./logos/freeport-mcmoran-copper-gold-logo-png-transparent-1-300x300.png,https://boldwebdesign.com.au/colour-palettes/wp-content/uploads/2019/06/freeport-mcmoran-copper-gold-logo-png-transparent-1-300x300.png
frontier-communications,./logos/FTR_COMM_2C_LARGE-1-300x120.png,https://boldwebdesign.com.au/colour-palettes/wp-content/uploads/2019/06/FTR_COMM_2C_LARGE-1-300x120.png
gap,./logos/gap-logo-1-1-300x223.png,https://boldwebdesign.com.au/colour-palettes/wp-content/uploads/2019/06/gap-logo-1-1-300x223.png
general-dynamics,./logos/nm-300x37.png,https://boldwebdesign.com.au/colour-palettes/wp-content/uploads/2019/06/nm-300x37.png
general-electric,./logos/1200px-General_Electric_logo.svg_-300x300.png,https://boldwebdesign.com.au/colour-palettes/wp-content/uploads/2019/06/1200px-General_Electric_logo.svg_-300x300.png
general-mills,./logos/General_Mills_Logo-1-300x300.jpg,https://boldwebdesign.com.au/colour-palettes/wp-content/uploads/2019/06/General_Mills_Logo-1-300x300.jpg
general-motors,./logos/1200px-General_Motors_logo.svg_-300x300.png,https://boldwebdesign.com.au/colour-palettes/wp-content/uploads/2019/06/1200px-General_Motors_logo.svg_-300x300.png
genuine-parts,./logos/purepng.com-gpc-genuine-parts-logologobrand-logoiconslogos-251519940805itxu6-1-300x247.png,https://boldwebdesign.com.au/colour-palettes/wp-content/uploads/2019/06/purepng.com-gpc-genuine-parts-logologobrand-logoiconslogos-251519940805itxu6-1-300x247.png
genworth-financial,./logos/genworth1-1-300x192.jpg,https://boldwebdesign.com.au/colour-palettes/wp-content/uploads/2019/06/genworth1-1-300x192.jpg
gilead-sciences,./logos/gilead3-300x188.jpg,https://boldwebdesign.com.au/colour-palettes/wp-content/uploads/2019/06/gilead3-300x188.jpg
global-partners,./logos/1280px-Global_Partners_logo.svg_-1-300x81.png,https://boldwebdesign.com.au/colour-palettes/wp-content/uploads/2019/06/1280px-Global_Partners_logo.svg_-1-300x81.png
goldman-sachs-group,./logos/1200px-Goldman_Sachs.svg_-300x300.png,https://boldwebdesign.com.au/colour-palettes/wp-content/uploads/2019/06/1200px-Goldman_Sachs.svg_-300x300.png
goodyear-tire-rubber,./logos/Goodyear-Logo-1-300x169.png,https://boldwebdesign.com.au/colour-palettes/wp-content/uploads/2019/06/Goodyear-Logo-1-300x169.png
graphic-packaging-international,./logos/Graphic-Packaging-Holding-Company-logo-1-300x110.jpg,https://boldwebdesign.com.au/colour-palettes/wp-content/uploads/2019/06/Graphic-Packaging-Holding-Company-logo-1-300x110.jpg
graybar-electric,./logos/Graybar-1-300x113.jpg,https://boldwebdesign.com.au/colour-palettes/wp-content/uploads/2019/06/Graybar-1-300x113.jpg
group-1-automotive,./logos/Group_1_Automotive_Official_Logo-2-300x83.jpg,https://boldwebdesign.com.au/colour-palettes/wp-content/uploads/2019/06/Group_1_Automotive_Official_Logo-2-300x83.jpg
guardian-life-ins-co-of-america,./logos/unnamed-1-1-300x300.jpg,https://boldwebdesign.com.au/colour-palettes/wp-content/uploads/2019/06/unnamed-1-1-300x300.jpg
halliburton,./logos/halliburton-logo-300x38.png,https://boldwebdesign.com.au/colour-palettes/wp-content/uploads/2019/06/halliburton-logo-300x38.png
hanesbrands,./logos/1200px-Hanes-logo.svg_-1-300x264.png,https://boldwebdesign.com.au/colour-palettes/wp-content/uploads/2019/06/1200px-Hanes-logo.svg_-1-300x264.png
harley-davidson,./logos/Harley-Davidson-1024x798-1-300x234.png,https://boldwebdesign.com.au/colour-palettes/wp-content/uploads/2019/06/Harley-Davidson-1024x798-1-300x234.png
harris-corporation,./logos/1920px-Harris_Corporation_Logo.svg_-1-300x78.png,https://boldwebdesign.com.au/colour-palettes/wp-content/uploads/2019/06/1920px-Harris_Corporation_Logo.svg_-1-300x78.png
hartford-financial-services,./logos/hartford_financial_services_group_logo-1-300x300.jpg,https://boldwebdesign.com.au/colour-palettes/wp-content/uploads/2019/06/hartford_financial_services_group_logo-1-300x300.jpg
hca-healthcare,./logos/b8a4566d5b3b861bf37285b03e772451-300x88.png,https://boldwebdesign.com.au/colour-palettes/wp-content/uploads/2019/06/b8a4566d5b3b861bf37285b03e772451-300x88.png
hd-supply-holdings,./logos/HD-Supply-Holdings-1-300x40.jpg,https://boldwebdesign.com.au/colour-palettes/wp-content/uploads/2019/06/HD-Supply-Holdings-1-300x40.jpg
hershey,./logos/8576d72fcfe5f3ef9e49836a82d6a8f1-1-300x228.jpg,https://boldwebdesign.com.au/colour-palettes/wp-content/uploads/2019/06/8576d72fcfe5f3ef9e49836a82d6a8f1-1-300x228.jpg
hertz-global-holdings,./logos/Hertz_logo-1-300x104.jpg,https://boldwebdesign.com.au/colour-palettes/wp-content/uploads/2019/06/Hertz_logo-1-300x104.jpg
hess-corporation,./logos/1920px-Hess_Corporation_Logo.svg_-1-300x179.png,https://boldwebdesign.com.au/colour-palettes/wp-content/uploads/2019/06/1920px-Hess_Corporation_Logo.svg_-1-300x179.png
hewlett-packard-enterprise,./logos/1200px-Hewlett_Packard_Enterprise_logo.svg_-300x125.png,https://boldwebdesign.com.au/colour-palettes/wp-content/uploads/2019/06/1200px-Hewlett_Packard_Enterprise_logo.svg_-300x125.png
hilton-worldwide-holdings,./logos/Hilton-1-300x300.jpg,https://boldwebdesign.com.au/colour-palettes/wp-content/uploads/2019/06/Hilton-1-300x300.jpg
hollyfrontier,./logos/HollyFrontier-Logo-1-1-300x90.jpg,https://boldwebdesign.com.au/colour-palettes/wp-content/uploads/2019/06/HollyFrontier-Logo-1-1-300x90.jpg
home-depot,./logos/Home-Depot-Logo-Meaning-history-300x300.jpg,https://boldwebdesign.com.au/colour-palettes/wp-content/uploads/2019/06/Home-Depot-Logo-Meaning-history-300x300.jpg
honeywell-international,./logos/82da7f761b79545ea5da8a16348e3739-300x70.png,https://boldwebdesign.com.au/colour-palettes/wp-content/uploads/2019/06/82da7f761b79545ea5da8a16348e3739-300x70.png
hormel-foods,./logos/hormel-foods-1-logo-png-transparent-1-300x300.png,https://boldwebdesign.com.au/colour-palettes/wp-content/uploads/2019/06/hormel-foods-1-logo-png-transparent-1-300x300.png
humana,./logos/New-Humana-logo-002-300x131.jpg,https://boldwebdesign.com.au/colour-palettes/wp-content/uploads/2019/06/New-Humana-logo-002-300x131.jpg
huntington-ingalls-industries,./logos/coLogo-270b5ee1-e95d-40db-9702-808af1f61394-1-300x167.png,https://boldwebdesign.com.au/colour-palettes/wp-content/uploads/2019/06/coLogo-270b5ee1-e95d-40db-9702-808af1f61394-1-300x167.png
huntsman,./logos/purepng.com-huntsman-logologobrand-logoiconslogos-251519938357mnczi-1-300x102.png,https://boldwebdesign.com.au/colour-palettes/wp-content/uploads/2019/06/purepng.com-huntsman-logologobrand-logoiconslogos-251519938357mnczi-1-300x102.png
icahn-enterprises,./logos/iep-300x300.jpg,https://boldwebdesign.com.au/colour-palettes/wp-content/uploads/2019/06/iep-300x300.jpg
iheartmedia,./logos/iheartmedia2018-988x416-1-300x126.jpg,https://boldwebdesign.com.au/colour-palettes/wp-content/uploads/2019/06/iheartmedia2018-988x416-1-300x126.jpg
illinois-tool-works,./logos/15749079174_c99362f699_c-1-300x102.jpg,https://boldwebdesign.com.au/colour-palettes/wp-content/uploads/2019/06/15749079174_c99362f699_c-1-300x102.jpg
ingredion,./logos/ingredion-logo-900x550-1-300x183.jpg,https://boldwebdesign.com.au/colour-palettes/wp-content/uploads/2019/06/ingredion-logo-900x550-1-300x183.jpg
insight-enterprises,./logos/1280px-Insight_Enterprises_Logo-1-300x154.png,https://boldwebdesign.com.au/colour-palettes/wp-content/uploads/2019/06/1280px-Insight_Enterprises_Logo-1-300x154.png
intercontinental-exchange,./logos/1024px-Intercontinental_Exchange_logo.svg_-1-300x300.png,https://boldwebdesign.com.au/colour-palettes/wp-content/uploads/2019/06/1024px-Intercontinental_Exchange_logo.svg_-1-300x300.png
international-paper,./logos/1-1-1-1-300x46.jpg,https://boldwebdesign.com.au/colour-palettes/wp-content/uploads/2019/06/1-1-1-1-300x46.jpg
intl-fcstone,./logos/1920px-INTL_FCStone_logo.svg_-300x50.png,https://boldwebdesign.com.au/colour-palettes/wp-content/uploads/2019/06/1920px-INTL_FCStone_logo.svg_-300x50.png
intuit,./logos/logo-intuit-preferred-1-300x147.png,https://boldwebdesign.com.au/colour-palettes/wp-content/uploads/2019/06/logo-intuit-preferred-1-300x147.png
iqvia-holdings,./logos/iqvia_owler_20190213_001103_original-1-300x52.png,https://boldwebdesign.com.au/colour-palettes/wp-content/uploads/2019/06/iqvia_owler_20190213_001103_original-1-300x52.png
j-b-hunt-transport-services,./logos/JB20Hunt20Transport20Logo-1-300x81.png,https://boldwebdesign.com.au/colour-palettes/wp-content/uploads/2019/06/JB20Hunt20Transport20Logo-1-300x81.png
j-c-penney,./logos/JCPenney-logo-1-300x225.png,https://boldwebdesign.com.au/colour-palettes/wp-content/uploads/2019/06/JCPenney-logo-1-300x225.png
j-m-smucker,./logos/J.M.-Smucker-1-300x180.jpg,https://boldwebdesign.com.au/colour-palettes/wp-content/uploads/2019/06/J.M.-Smucker-1-300x180.jpg
jabil,./logos/20180306103204_JabilLogo_PMS2955_3415-1-300x55.jpg,https://boldwebdesign.com.au/colour-palettes/wp-content/uploads/2019/06/20180306103204_JabilLogo_PMS2955_3415-1-300x55.jpg
jacobs-engineering-group,./logos/JEC-web-logo-1-300x169.png,https://boldwebdesign.com.au/colour-palettes/wp-content/uploads/2019/06/JEC-web-logo-1-300x169.png
jefferies-financial-group,./logos/jefferies_logo_41607-1-300x169.jpg,https://boldwebdesign.com.au/colour-palettes/wp-content/uploads/2019/06/jefferies_logo_41607-1-300x169.jpg
jetblue-airways,./logos/jetblue1-1-300x169.jpg,https://boldwebdesign.com.au/colour-palettes/wp-content/uploads/2019/06/jetblue1-1-300x169.jpg
johnson-johnson,./logos/johnson-johnson-logo-300x83.jpg,https://boldwebdesign.com.au/colour-palettes/wp-content/uploads/2019/06/johnson-johnson-logo-300x83.jpg
jones-lang-lasalle,./logos/Jones_Lang_Lasalle_Hotels_Logo-1-300x134.png,https://boldwebdesign.com.au/colour-palettes/wp-content/uploads/2019/06/Jones_Lang_Lasalle_Hotels_Logo-1-300x134.png
jpmorgan-chase,./logos/JPMorgan_Chase_logo_gray-300x38.png,https://boldwebdesign.com.au/colour-palettes/wp-content/uploads/2019/06/JPMorgan_Chase_logo_gray-300x38.png
kellogg,./logos/Kellogg-Logo-2-1-300x232.jpg,https://boldwebdesign.com.au/colour-palettes/wp-content/uploads/2019/06/Kellogg-Logo-2-1-300x232.jpg
keurig-dr-pepper,./logos/Keurig-Dr-Pepper-1-300x85.jpg,https://boldwebdesign.com.au/colour-palettes/wp-content/uploads/2019/06/Keurig-Dr-Pepper-1-300x85.jpg
keycorp,./logos/1920px-KeyBank_logo.svg_-1-300x53.png,https://boldwebdesign.com.au/colour-palettes/wp-content/uploads/2019/06/1920px-KeyBank_logo.svg_-1-300x53.png
kimberly-clark,./logos/Kimberly-Clark-Logo-1-1-300x52.jpg,https://boldwebdesign.com.au/colour-palettes/wp-content/uploads/2019/06/Kimberly-Clark-Logo-1-1-300x52.jpg
kinder-morgan,./logos/kinder-morgan-energy-partners-logo-png-transparent-1-300x300.png,https://boldwebdesign.com.au/colour-palettes/wp-content/uploads/2019/06/kinder-morgan-energy-partners-logo-png-transparent-1-300x300.png
kohls,./logos/Kohls_logo_black-1-300x60.png,https://boldwebdesign.com.au/colour-palettes/wp-content/uploads/2019/06/Kohls_logo_black-1-300x60.png
kraft-heinz,./logos/Kraftheinz-logo-300x98.png,https://boldwebdesign.com.au/colour-palettes/wp-content/uploads/2019/06/Kraftheinz-logo-300x98.png
kroger,./logos/Kroger-Logo-300x225.png,https://boldwebdesign.com.au/colour-palettes/wp-content/uploads/2019/06/Kroger-Logo-300x225.png
l-brands,./logos/purepng.com-l-brands-logologobrand-logoiconslogos-251519938481pmh6m-1-300x83.png,https://boldwebdesign.com.au/colour-palettes/wp-content/uploads/2019/06/purepng.com-l-brands-logologobrand-logoiconslogos-251519938481pmh6m-1-300x83.png
l3-technologies,./logos/L3_logo-1-300x188.png,https://boldwebdesign.com.au/colour-palettes/wp-content/uploads/2019/06/L3_logo-1-300x188.png
laboratory-corp-of-america,./logos/26291c3e7023c1da2766e2448b92d509-1-300x79.png,https://boldwebdesign.com.au/colour-palettes/wp-content/uploads/2019/06/26291c3e7023c1da2766e2448b92d509-1-300x79.png
lam-research,./logos/lam-research-vector-logo-1-300x167.png,https://boldwebdesign.com.au/colour-palettes/wp-content/uploads/2019/06/lam-research-vector-logo-1-300x167.png
land-olakes,./logos/2017_LOL-Inc-H-sc_JPG-1-300x32.jpg,https://boldwebdesign.com.au/colour-palettes/wp-content/uploads/2019/06/2017_LOL-Inc-H-sc_JPG-1-300x32.jpg
las-vegas-sands,./logos/100-1-3-300x157.jpg,https://boldwebdesign.com.au/colour-palettes/wp-content/uploads/2019/06/100-1-3-300x157.jpg
lear,./logos/Lear-Corp.-logo-1-300x157.jpg,https://boldwebdesign.com.au/colour-palettes/wp-content/uploads/2019/06/Lear-Corp.-logo-1-300x157.jpg
leidos-holdings,./logos/Leidos-Logo-1-300x135.jpg,https://boldwebdesign.com.au/colour-palettes/wp-content/uploads/2019/06/Leidos-Logo-1-300x135.jpg
lennar,./logos/lennar-co-logo-1-300x31.jpg,https://boldwebdesign.com.au/colour-palettes/wp-content/uploads/2019/06/lennar-co-logo-1-300x31.jpg
levi-strauss,./logos/1920px-Levis-logo-quer.svg_-1-300x123.png,https://boldwebdesign.com.au/colour-palettes/wp-content/uploads/2019/06/1920px-Levis-logo-quer.svg_-1-300x123.png
liberty-mutual-insurance-group,./logos/Liberty-Mutual-Insurance-logo-300x106.jpg,https://boldwebdesign.com.au/colour-palettes/wp-content/uploads/2019/06/Liberty-Mutual-Insurance-logo-300x106.jpg
lincoln-national,./logos/LFG_SOC_lfg-logo_1200x717-1-300x179.jpg,https://boldwebdesign.com.au/colour-palettes/wp-content/uploads/2019/06/LFG_SOC_lfg-logo_1200x717-1-300x179.jpg
lithia-motors,./logos/LithiaAutoStores_Horizontal_Logo-1-300x61.jpg,https://boldwebdesign.com.au/colour-palettes/wp-content/uploads/2019/06/LithiaAutoStores_Horizontal_Logo-1-300x61.jpg
lkq,./logos/LKQ-logo-1-300x200.png,https://boldwebdesign.com.au/colour-palettes/wp-content/uploads/2019/06/LKQ-logo-1-300x200.png
lockheed-martin,./logos/LM-logo-300x82.png,https://boldwebdesign.com.au/colour-palettes/wp-content/uploads/2019/06/LM-logo-300x82.png
loews,./logos/Loews-Hotels-Logo-Revised-1-1-300x76.png,https://boldwebdesign.com.au/colour-palettes/wp-content/uploads/2019/06/Loews-Hotels-Logo-Revised-1-1-300x76.png
lowes,./logos/2000px-Lowes_Companies_Logo.svg_-300x142.png,https://boldwebdesign.com.au/colour-palettes/wp-content/uploads/2019/06/2000px-Lowes_Companies_Logo.svg_-300x142.png
macys,./logos/2000px-Macys_logo.svg_-300x80.png,https://boldwebdesign.com.au/colour-palettes/wp-content/uploads/2019/06/2000px-Macys_logo.svg_-300x80.png
magellan-health,./logos/magellan-logo1-1-300x120.png,https://boldwebdesign.com.au/colour-palettes/wp-content/uploads/2019/06/magellan-logo1-1-300x120.png
manpowergroup,./logos/MPG_BE_Logo_SS_STK_MC_RGB-300-1-300x164.jpg,https://boldwebdesign.com.au/colour-palettes/wp-content/uploads/2019/06/MPG_BE_Logo_SS_STK_MC_RGB-300-1-300x164.jpg
marathon-oil,./logos/marathon-oil-logo-1-300x83.png,https://boldwebdesign.com.au/colour-palettes/wp-content/uploads/2019/06/marathon-oil-logo-1-300x83.png
marathon-petroleum,./logos/1200px-Marathon_Oil_logo_2009.svg_-300x233.png,https://boldwebdesign.com.au/colour-palettes/wp-content/uploads/2019/06/1200px-Marathon_Oil_logo_2009.svg_-300x233.png
markel,./logos/markel_logo1-1-251x300.png,https://boldwebdesign.com.au/colour-palettes/wp-content/uploads/2019/06/markel_logo1-1-251x300.png
marriott-international,./logos/Marriott_logo_pink-1-300x117.png,https://boldwebdesign.com.au/colour-palettes/wp-content/uploads/2019/06/Marriott_logo_pink-1-300x117.png
marsh-mclennan,./logos/Marsh202620McLennan-1-1-300x166.jpg,https://boldwebdesign.com.au/colour-palettes/wp-content/uploads/2019/06/Marsh202620McLennan-1-1-300x166.jpg
masco,./logos/Masco-1-300x73.png,https://boldwebdesign.com.au/colour-palettes/wp-content/uploads/2019/06/Masco-1-300x73.png
massachusetts-mutual-life-insurance,./logos/download-300x42.png,https://boldwebdesign.com.au/colour-palettes/wp-content/uploads/2019/06/download-300x42.png
mastec,./logos/MasTec-1-300x86.png,https://boldwebdesign.com.au/colour-palettes/wp-content/uploads/2019/06/MasTec-1-300x86.png
mastercard,./logos/1280px-Mastercard-logo.svg_-1-300x234.png,https://boldwebdesign.com.au/colour-palettes/wp-content/uploads/2019/06/1280px-Mastercard-logo.svg_-1-300x234.png
mcdonalds,./logos/conocophillips-1-300x240.png,https://boldwebdesign.com.au/colour-palettes/wp-content/uploads/2019/06/conocophillips-1-300x240.png
mckesson,./logos/McKesson-Logo-300x95.png,https://boldwebdesign.com.au/colour-palettes/wp-content/uploads/2019/06/McKesson-Logo-300x95.png
merck,./logos/Merck202620Co-300x88.png,https://boldwebdesign.com.au/colour-palettes/wp-content/uploads/2019/06/Merck202620Co-300x88.png
metlife,./logos/metlife-1-300x65.png,https://boldwebdesign.com.au/colour-palettes/wp-content/uploads/2019/06/metlife-1-300x65.png
mgm-resorts-international,./logos/31557165-15334238626427548_origin-1-300x63.png,https://boldwebdesign.com.au/colour-palettes/wp-content/uploads/2019/06/31557165-15334238626427548_origin-1-300x63.png
micron-technology,./logos/5e91094dbba2b0adc26d570f52c3ad78-1-1-300x83.png,https://boldwebdesign.com.au/colour-palettes/wp-content/uploads/2019/06/5e91094dbba2b0adc26d570f52c3ad78-1-1-300x83.png
mohawk-industries,./logos/5c5a63bdc02b85c03706002d_d605d1682d-1-300x149.png,https://boldwebdesign.com.au/colour-palettes/wp-content/uploads/2019/06/5c5a63bdc02b85c03706002d_d605d1682d-1-300x149.png
molina-healthcare,./logos/5e91094dbba2b0adc26d570f52c3ad78-2-300x110.png,https://boldwebdesign.com.au/colour-palettes/wp-content/uploads/2019/06/5e91094dbba2b0adc26d570f52c3ad78-2-300x110.png
molson-coors-brewing,./logos/molsoncoors-logo-1-300x124.png,https://boldwebdesign.com.au/colour-palettes/wp-content/uploads/2019/06/molsoncoors-logo-1-300x124.png
mondelez-international,./logos/Kraft1-superJumbo-300x88.jpg,https://boldwebdesign.com.au/colour-palettes/wp-content/uploads/2019/06/Kraft1-superJumbo-300x88.jpg
morgan-stanley,./logos/755980_morgan-stanley-logo-png-300x191.jpg,https://boldwebdesign.com.au/colour-palettes/wp-content/uploads/2019/06/755980_morgan-stanley-logo-png-300x191.jpg
mosaic,./logos/1280px-Mosaic_Logo.svg_-300x135.png,https://boldwebdesign.com.au/colour-palettes/wp-content/uploads/2019/06/1280px-Mosaic_Logo.svg_-300x135.png
motorola-solutions,./logos/Motorola-Solutions-1-300x35.png,https://boldwebdesign.com.au/colour-palettes/wp-content/uploads/2019/06/Motorola-Solutions-1-300x35.png
mt-bank-corp,./logos/1920px-MT_Bank_wordmark.svg_-1-300x54.png,https://boldwebdesign.com.au/colour-palettes/wp-content/uploads/2019/06/1920px-MT_Bank_wordmark.svg_-1-300x54.png
murphy-usa,./logos/Murp35-1-1-300x150.jpg,https://boldwebdesign.com.au/colour-palettes/wp-content/uploads/2019/06/Murp35-1-1-300x150.jpg
mutual-of-omaha-insurance,./logos/mutual-of-omaha-whole-life-1-300x239.png,https://boldwebdesign.com.au/colour-palettes/wp-content/uploads/2019/06/mutual-of-omaha-whole-life-1-300x239.png
national-oilwell-varco,./logos/FB-image-1-300x111.jpg,https://boldwebdesign.com.au/colour-palettes/wp-content/uploads/2019/06/FB-image-1-300x111.jpg
nationwide,./logos/Nationwide-Logo-300x169.png,https://boldwebdesign.com.au/colour-palettes/wp-content/uploads/2019/06/Nationwide-Logo-300x169.png
navient,./logos/d50ef18de3b8beed02de79f9393c7c24-1-300x61.jpeg,https://boldwebdesign.com.au/colour-palettes/wp-content/uploads/2019/06/d50ef18de3b8beed02de79f9393c7c24-1-300x61.jpeg
navistar-international,./logos/Navistar-International-logo-2200x500-1-300x68.png,https://boldwebdesign.com.au/colour-palettes/wp-content/uploads/2019/06/Navistar-International-logo-2200x500-1-300x68.png
ncr-corporation,./logos/NCR-Corporation-1-300x300.png,https://boldwebdesign.com.au/colour-palettes/wp-content/uploads/2019/06/NCR-Corporation-1-300x300.png
new-york-life-insurance,./logos/logo_new_york_life-300x294.png,https://boldwebdesign.com.au/colour-palettes/wp-content/uploads/2019/06/logo_new_york_life-300x294.png
newell-brands,./logos/1280px-Newell_Brands_logo.svg_-1-300x144.png,https://boldwebdesign.com.au/colour-palettes/wp-content/uploads/2019/06/1280px-Newell_Brands_logo.svg_-1-300x144.png
newmont-goldcorp,./logos/Newmont-Goldcorp-1-300x113.png,https://boldwebdesign.com.au/colour-palettes/wp-content/uploads/2019/06/Newmont-Goldcorp-1-300x113.png
nextera-energy,./logos/next_energy_PNGPIX-COM-NextEra-Energy-Logo-PNG-Transparent-1-300x150.png,https://boldwebdesign.com.au/colour-palettes/wp-content/uploads/2019/06/next_energy_PNGPIX-COM-NextEra-Energy-Logo-PNG-Transparent-1-300x150.png
ngl-energy-partners,./logos/purepng.com-ngl-energy-partners-logologobrand-logoiconslogos-251519940603rc3bd-1-300x167.png,https://boldwebdesign.com.au/colour-palettes/wp-content/uploads/2019/06/purepng.com-ngl-energy-partners-logologobrand-logoiconslogos-251519940603rc3bd-1-300x167.png
nike,./logos/n-300x300.png,https://boldwebdesign.com.au/colour-palettes/wp-content/uploads/2019/06/n-300x300.png
nordstrom,./logos/nordstrom-2-logo-png-transparent-1-300x300.png,https://boldwebdesign.com.au/colour-palettes/wp-content/uploads/2019/06/nordstrom-2-logo-png-transparent-1-300x300.png
norfolk-southern,./logos/purepng.com-norfolk-southern-logologobrand-logoiconslogos-251519938350dumsf-1-300x99.png,https://boldwebdesign.com.au/colour-palettes/wp-content/uploads/2019/06/purepng.com-norfolk-southern-logologobrand-logoiconslogos-251519938350dumsf-1-300x99.png
northern-trust,./logos/northern-trust-logo-1-300x88.png,https://boldwebdesign.com.au/colour-palettes/wp-content/uploads/2019/06/northern-trust-logo-1-300x88.png
northrop-grumman,./logos/northrop-grumann-noc-logo-300x169.png,https://boldwebdesign.com.au/colour-palettes/wp-content/uploads/2019/06/northrop-grumann-noc-logo-300x169.png
northwestern-mutual,./logos/1920px-Northwestern_Mutual_logo.svg_-300x37.png,https://boldwebdesign.com.au/colour-palettes/wp-content/uploads/2019/06/1920px-Northwestern_Mutual_logo.svg_-300x37.png
nrg-energy,./logos/purepng.com-nrg-energy-logologobrand-logoiconslogos-251519939980kyylo-1-300x210.png,https://boldwebdesign.com.au/colour-palettes/wp-content/uploads/2019/06/purepng.com-nrg-energy-logologobrand-logoiconslogos-251519939980kyylo-1-300x210.png
nucor,./logos/nbs-builder-logo-reverse-300x222.png,https://boldwebdesign.com.au/colour-palettes/wp-content/uploads/2019/05/nbs-builder-logo-reverse-300x222.png
nvr-inc,./logos/nvrlogomaroon-1-300x120.jpg,https://boldwebdesign.com.au/colour-palettes/wp-content/uploads/2019/06/nvrlogomaroon-1-300x120.jpg
occidental-petroleum,./logos/purepng.com-oxy-occidental-petroleum-logologobrand-logoiconslogos-251519938748tvfk9-1-300x300.png,https://boldwebdesign.com.au/colour-palettes/wp-content/uploads/2019/06/purepng.com-oxy-occidental-petroleum-logologobrand-logoiconslogos-251519938748tvfk9-1-300x300.png
office-depot,./logos/Office-Depot-Logo-1-300x127.png,https://boldwebdesign.com.au/colour-palettes/wp-content/uploads/2019/06/Office-Depot-Logo-1-300x127.png
old-republic-international,./logos/home-top-1-300x173.gif,https://boldwebdesign.com.au/colour-palettes/wp-content/uploads/2019/06/home-top-1-300x173.gif
olin-corporation,./logos/Olin-Corporation-1-300x154.jpg,https://boldwebdesign.com.au/colour-palettes/wp-content/uploads/2019/06/Olin-Corporation-1-300x154.jpg
omnicom-group,./logos/Omnicom_Group_Logo-1-300x63.png,https://boldwebdesign.com.au/colour-palettes/wp-content/uploads/2019/06/Omnicom_Group_Logo-1-300x63.png
on-semiconductor,./logos/ON-Semiconductor-1-300x300.png,https://boldwebdesign.com.au/colour-palettes/wp-content/uploads/2019/06/ON-Semiconductor-1-300x300.png
oneok,./logos/oneok-logo-1-300x115.png,https://boldwebdesign.com.au/colour-palettes/wp-content/uploads/2019/06/oneok-logo-1-300x115.png
oracle,./logos/Oracle-Logo-300x77.png,https://boldwebdesign.com.au/colour-palettes/wp-content/uploads/2019/06/Oracle-Logo-300x77.png
oreilly-automotive,./logos/OReilly-1-300x124.jpg,https://boldwebdesign.com.au/colour-palettes/wp-content/uploads/2019/06/OReilly-1-300x124.jpg
oshkosh,./logos/92f3a32b717f91e09263614125b75c25-1-1-300x143.png,https://boldwebdesign.com.au/colour-palettes/wp-content/uploads/2019/06/92f3a32b717f91e09263614125b75c25-1-1-300x143.png
owens-corning,./logos/1200px-Owens_Corning_logo.svg-1-1-300x300.png,https://boldwebdesign.com.au/colour-palettes/wp-content/uploads/2019/06/1200px-Owens_Corning_logo.svg-1-1-300x300.png
owens-illinois,./logos/1200px-Owens-Illinois_logo_gray.svg_-1-300x217.png,https://boldwebdesign.com.au/colour-palettes/wp-content/uploads/2019/06/1200px-Owens-Illinois_logo_gray.svg_-1-300x217.png
owens-minor,./logos/Owens-and-Minor-logo-1-300x300.png,https://boldwebdesign.com.au/colour-palettes/wp-content/uploads/2019/06/Owens-and-Minor-logo-1-300x300.png
pacific-life,./logos/pacific-life-1-logo-png-transparent-1-300x300.png,https://boldwebdesign.com.au/colour-palettes/wp-content/uploads/2019/06/pacific-life-1-logo-png-transparent-1-300x300.png
packaging-corp-of-america,./logos/1200px-Packaging_Corporation_of_America_logo.svg_-1-300x153.png,https://boldwebdesign.com.au/colour-palettes/wp-content/uploads/2019/06/1200px-Packaging_Corporation_of_America_logo.svg_-1-300x153.png
parker-hannifin,./logos/parker-hannifin-logo-png-transparent-1-1-300x300.png,https://boldwebdesign.com.au/colour-palettes/wp-content/uploads/2019/06/parker-hannifin-logo-png-transparent-1-1-300x300.png
paypal-holdings,./logos/9642931-15297811961227806_origin-1-300x169.jpg,https://boldwebdesign.com.au/colour-palettes/wp-content/uploads/2019/06/9642931-15297811961227806_origin-1-300x169.jpg
pbf-energy,./logos/1024px-PBF_Energy_logo.svg_-300x239.png,https://boldwebdesign.com.au/colour-palettes/wp-content/uploads/2019/06/1024px-PBF_Energy_logo.svg_-300x239.png
peabody-energy,./logos/Peabody-Energy-logo-2011-1-300x101.png,https://boldwebdesign.com.au/colour-palettes/wp-content/uploads/2019/06/Peabody-Energy-logo-2011-1-300x101.png
pepsico,./logos/purepng.com-pepsico-logologobrand-logoiconslogos-251519939772eazsw-300x86.png,https://boldwebdesign.com.au/colour-palettes/wp-content/uploads/2019/06/purepng.com-pepsico-logologobrand-logoiconslogos-251519939772eazsw-300x86.png
performance-food-group,./logos/pfg-logo-1-300x200.jpg,https://boldwebdesign.com.au/colour-palettes/wp-content/uploads/2019/06/pfg-logo-1-300x200.jpg
peter-kiewit-sons,./logos/acba048887849349f7572088ea2d8a73-1-300x300.jpeg,https://boldwebdesign.com.au/colour-palettes/wp-content/uploads/2019/06/acba048887849349f7572088ea2d8a73-1-300x300.jpeg
pfizer,./logos/pfizer_logo_1-300x178.jpg,https://boldwebdesign.com.au/colour-palettes/wp-content/uploads/2019/06/pfizer_logo_1-300x178.jpg
pge,./logos/PG26E-1-300x300.png,https://boldwebdesign.com.au/colour-palettes/wp-content/uploads/2019/06/PG26E-1-300x300.png
philip-morris-international,./logos/PM-web-logo-300x169.png,https://boldwebdesign.com.au/colour-palettes/wp-content/uploads/2019/06/PM-web-logo-300x169.png
phillips-66,./logos/1200px-Phillips_66_logo.svg_-290x300.png,https://boldwebdesign.com.au/colour-palettes/wp-content/uploads/2019/06/1200px-Phillips_66_logo.svg_-290x300.png
pioneer-natural-resources,./logos/logoa04-1-300x131.jpg,https://boldwebdesign.com.au/colour-palettes/wp-content/uploads/2019/06/logoa04-1-300x131.jpg
plains-gp-holdings,./logos/PNGPIX-COM-Plains-GP-Holdings-Logo-PNG-Transparent-300x80.png,https://boldwebdesign.com.au/colour-palettes/wp-content/uploads/2019/06/PNGPIX-COM-Plains-GP-Holdings-Logo-PNG-Transparent-300x80.png
pnc-financial-services,./logos/PNC20Financial20Services-1-300x94.png,https://boldwebdesign.com.au/colour-palettes/wp-content/uploads/2019/06/PNC20Financial20Services-1-300x94.png
polaris-industries,./logos/1920px-Polaris_Industries_logo.svg_-1-300x47.png,https://boldwebdesign.com.au/colour-palettes/wp-content/uploads/2019/06/1920px-Polaris_Industries_logo.svg_-1-300x47.png
post-holdings,./logos/PH_LogoName-Stacked2_Positive_CMYK-1-300x165.jpg,https://boldwebdesign.com.au/colour-palettes/wp-content/uploads/2019/06/PH_LogoName-Stacked2_Positive_CMYK-1-300x165.jpg
ppg-industries,./logos/ppg_full_color_logo-1-300x237.png,https://boldwebdesign.com.au/colour-palettes/wp-content/uploads/2019/06/ppg_full_color_logo-1-300x237.png
ppl,./logos/PPL-1-300x234.png,https://boldwebdesign.com.au/colour-palettes/wp-content/uploads/2019/06/PPL-1-300x234.png
principal-financial,./logos/overviewhero_principal_logo_2016_bynder-1-300x126.jpg,https://boldwebdesign.com.au/colour-palettes/wp-content/uploads/2019/06/overviewhero_principal_logo_2016_bynder-1-300x126.jpg
procter-gamble,./logos/pgnew-300x293.jpg,https://boldwebdesign.com.au/colour-palettes/wp-content/uploads/2019/06/pgnew-300x293.jpg
progressive,./logos/progressive-300x85.jpg,https://boldwebdesign.com.au/colour-palettes/wp-content/uploads/2019/06/progressive-300x85.jpg
prudential-financial,./logos/PrudentialLogo1500x1100-300x220.jpg,https://boldwebdesign.com.au/colour-palettes/wp-content/uploads/2019/06/PrudentialLogo1500x1100-300x220.jpg
public-service-enterprise-group,./logos/1280px-PSEG_logo.svg_-1-300x76.png,https://boldwebdesign.com.au/colour-palettes/wp-content/uploads/2019/06/1280px-PSEG_logo.svg_-1-300x76.png
publix-super-markets,./logos/Publix-300x64.jpg,https://boldwebdesign.com.au/colour-palettes/wp-content/uploads/2019/06/Publix-300x64.jpg
pultegroup,./logos/preview-pulte_group_logo-1-300x300.png,https://boldwebdesign.com.au/colour-palettes/wp-content/uploads/2019/06/preview-pulte_group_logo-1-300x300.png
pvh,./logos/1200px-PVH_logo.svg_-1-300x296.png,https://boldwebdesign.com.au/colour-palettes/wp-content/uploads/2019/06/1200px-PVH_logo.svg_-1-300x296.png
qualcomm,./logos/qualcomm-logo-1-300x115.png,https://boldwebdesign.com.au/colour-palettes/wp-content/uploads/2019/06/qualcomm-logo-1-300x115.png
quanta-services,./logos/quanta-inc-logo-300x81.png,https://boldwebdesign.com.au/colour-palettes/wp-content/uploads/2019/06/quanta-inc-logo-300x81.png
quest-diagnostics,./logos/QD_horiz_logo_rgb_gradient_transparent-1-300x86.png,https://boldwebdesign.com.au/colour-palettes/wp-content/uploads/2019/06/QD_horiz_logo_rgb_gradient_transparent-1-300x86.png
qurate-retail,./logos/Vm0wd2VF-5-1-300x146.jpg,https://boldwebdesign.com.au/colour-palettes/wp-content/uploads/2019/06/Vm0wd2VF-5-1-300x146.jpg
r-r-donnelley-sons,./logos/rr-donnelley-and-sons-company-vector-logo-1-300x167.png,https://boldwebdesign.com.au/colour-palettes/wp-content/uploads/2019/06/rr-donnelley-and-sons-company-vector-logo-1-300x167.png
ralph-lauren-corporation,./logos/Ralph-Lauren-Logo-1-248x300.jpg,https://boldwebdesign.com.au/colour-palettes/wp-content/uploads/2019/06/Ralph-Lauren-Logo-1-248x300.jpg
raymond-james-financial-inc,./logos/1920px-Raymond_James_wordmark.svg_-1-300x26.png,https://boldwebdesign.com.au/colour-palettes/wp-content/uploads/2019/06/1920px-Raymond_James_wordmark.svg_-1-300x26.png
raytheon,./logos/Raytheon-Logo-HiRes5-300x57.jpg,https://boldwebdesign.com.au/colour-palettes/wp-content/uploads/2019/06/Raytheon-Logo-HiRes5-300x57.jpg
realogy-holdings,./logos/1920px-Realogy_logo.svg_-1-300x55.png,https://boldwebdesign.com.au/colour-palettes/wp-content/uploads/2019/06/1920px-Realogy_logo.svg_-1-300x55.png
regeneron-pharmaceuticals,./logos/71188-15349012853354695_origin-1-300x65.jpg,https://boldwebdesign.com.au/colour-palettes/wp-content/uploads/2019/06/71188-15349012853354695_origin-1-300x65.jpg
regions-financial,./logos/REG_color_register-1-300x49.jpg,https://boldwebdesign.com.au/colour-palettes/wp-content/uploads/2019/06/REG_color_register-1-300x49.jpg
reinsurance-group-of-america,./logos/1200px-Reinsurance_Group_of_America_logo.svg_-1-300x112.png,https://boldwebdesign.com.au/colour-palettes/wp-content/uploads/2019/06/1200px-Reinsurance_Group_of_America_logo.svg_-1-300x112.png
reliance-steel-aluminum,./logos/1-2-2-1-300x150.jpg,https://boldwebdesign.com.au/colour-palettes/wp-content/uploads/2019/06/1-2-2-1-300x150.jpg
republic-services,./logos/1-1-2-1-300x300.jpg,https://boldwebdesign.com.au/colour-palettes/wp-content/uploads/2019/06/1-1-2-1-300x300.jpg
rite-aid,./logos/1024px-Rite_Aid.svg_-300x259.png,https://boldwebdesign.com.au/colour-palettes/wp-content/uploads/2019/06/1024px-Rite_Aid.svg_-300x259.png
robert-half-international,./logos/1920px-Robert_Half_logo.svg_-1-300x42.png,https://boldwebdesign.com.au/colour-palettes/wp-content/uploads/2019/06/1920px-Robert_Half_logo.svg_-1-300x42.png
rockwell-automation,./logos/72027118-82ed-4bcc-842f-c7b20f3c0a7c-1-300x102.jpg,https://boldwebdesign.com.au/colour-palettes/wp-content/uploads/2019/06/72027118-82ed-4bcc-842f-c7b20f3c0a7c-1-300x102.jpg
rockwell-collins,./logos/RClogo_col_rgb-1-300x110.jpg,https://boldwebdesign.com.au/colour-palettes/wp-content/uploads/2019/06/RClogo_col_rgb-1-300x110.jpg
ross-stores,./logos/ross-1-300x121.jpg,https://boldwebdesign.com.au/colour-palettes/wp-content/uploads/2019/06/ross-1-300x121.jpg
ryder-system,./logos/RyderLogo_EverBetter_wTM-1-300x73.jpg,https://boldwebdesign.com.au/colour-palettes/wp-content/uploads/2019/06/RyderLogo_EverBetter_wTM-1-300x73.jpg
salesforce-com,./logos/salesforce-logo-1-300x210.png,https://boldwebdesign.com.au/colour-palettes/wp-content/uploads/2019/06/salesforce-logo-1-300x210.png
sanmina-corporation,./logos/1920px-Sanmina_Corporation_logo.svg_-1-300x176.png,https://boldwebdesign.com.au/colour-palettes/wp-content/uploads/2019/06/1920px-Sanmina_Corporation_logo.svg_-1-300x176.png
seaboard,./logos/Seaboard-Corp-large-1-300x200.jpg,https://boldwebdesign.com.au/colour-palettes/wp-content/uploads/2019/06/Seaboard-Corp-large-1-300x200.jpg
sempra-energy,./logos/1-2-6-300x74.jpg,https://boldwebdesign.com.au/colour-palettes/wp-content/uploads/2019/06/1-2-6-300x74.jpg
sherwin-williams,./logos/Sherwin-Williams_logo_wordmark-1-300x85.png,https://boldwebdesign.com.au/colour-palettes/wp-content/uploads/2019/06/Sherwin-Williams_logo_wordmark-1-300x85.png
simon-property-group,./logos/Simon-Property-Group-1-300x300.png,https://boldwebdesign.com.au/colour-palettes/wp-content/uploads/2019/06/Simon-Property-Group-1-300x300.png
sonic-automotive,./logos/9862a370ae241005827e0050568ba825-1-1-300x126.png,https://boldwebdesign.com.au/colour-palettes/wp-content/uploads/2019/06/9862a370ae241005827e0050568ba825-1-1-300x126.png
southern,./logos/kisspng-southern-company-gas-logo-natural-gas-company-logo-5ac4b4291357b6.5873287615228406170792-300x300.jpg,https://boldwebdesign.com.au/colour-palettes/wp-content/uploads/2019/05/kisspng-southern-company-gas-logo-natural-gas-company-logo-5ac4b4291357b6.5873287615228406170792-300x300.jpg
southwest-airlines,./logos/e2047420-eae0-4c83-bd85-a65b0cdac91b-1.png_PNGPIX-COM-Southwest-Airlines-Logo-PNG-Transparent-1-300x63.png,https://boldwebdesign.com.au/colour-palettes/wp-content/uploads/2019/06/e2047420-eae0-4c83-bd85-a65b0cdac91b-1.png_PNGPIX-COM-Southwest-Airlines-Logo-PNG-Transparent-1-300x63.png
sp-global,./logos/SP_Global_logo.svg_-1-300x66.png,https://boldwebdesign.com.au/colour-palettes/wp-content/uploads/2019/06/SP_Global_logo.svg_-1-300x66.png
spartannash,./logos/SpartanNash-Company-Logo-1-300x72.png,https://boldwebdesign.com.au/colour-palettes/wp-content/uploads/2019/06/SpartanNash-Company-Logo-1-300x72.png
spirit-aerosystems-holdings,./logos/1920px-Spirit_AeroSystems_Logo.svg_-1-300x135.png,https://boldwebdesign.com.au/colour-palettes/wp-content/uploads/2019/06/1920px-Spirit_AeroSystems_Logo.svg_-1-300x135.png
stanley-black-decker,./logos/Stanley_Black__Decker_logo-2-300x50.png,https://boldwebdesign.com.au/colour-palettes/wp-content/uploads/2019/06/Stanley_Black__Decker_logo-2-300x50.png
starbucks,./logos/1200px-Starbucks_Corporation_Logo_2011.svg-1-296x300.png,https://boldwebdesign.com.au/colour-palettes/wp-content/uploads/2019/06/1200px-Starbucks_Corporation_Logo_2011.svg-1-296x300.png
state-farm-insurance,./logos/State-Farm-Logo-300x169.png,https://boldwebdesign.com.au/colour-palettes/wp-content/uploads/2019/06/State-Farm-Logo-300x169.png
state-street-corp,./logos/SSC_Horiz_2945C1-1-300x113.jpg,https://boldwebdesign.com.au/colour-palettes/wp-content/uploads/2019/06/SSC_Horiz_2945C1-1-300x113.jpg
steel-dynamics,./logos/SDI_FRG_2c_187_NonSales_HR-1-300x63.jpg,https://boldwebdesign.com.au/colour-palettes/wp-content/uploads/2019/06/SDI_FRG_2c_187_NonSales_HR-1-300x63.jpg
stryker,./logos/purepng.com-stryker-logologobrand-logoiconslogos-251519938092ozg5b-1-300x86.png,https://boldwebdesign.com.au/colour-palettes/wp-content/uploads/2019/06/purepng.com-stryker-logologobrand-logoiconslogos-251519938092ozg5b-1-300x86.png
suntrust-banks,./logos/suntrustlogo4q2018-1-300x172.jpg,https://boldwebdesign.com.au/colour-palettes/wp-content/uploads/2019/06/suntrustlogo4q2018-1-300x172.jpg
supervalu,./logos/purepng.com-supervalu-logologobrand-logoiconslogos-251519940069sbpix-1-300x77.png,https://boldwebdesign.com.au/colour-palettes/wp-content/uploads/2019/06/purepng.com-supervalu-logologobrand-logoiconslogos-251519940069sbpix-1-300x77.png
synchrony-financial,./logos/synchrony-financial-logo-goldcharcoal-transparent-cmyk-1-300x64.png,https://boldwebdesign.com.au/colour-palettes/wp-content/uploads/2019/06/synchrony-financial-logo-goldcharcoal-transparent-cmyk-1-300x64.png
synnex,./logos/1200px-Synnex_Corporation_logo.svg_-300x124.png,https://boldwebdesign.com.au/colour-palettes/wp-content/uploads/2019/06/1200px-Synnex_Corporation_logo.svg_-300x124.png
sysco,./logos/Sysco-logo-300x115.png,https://boldwebdesign.com.au/colour-palettes/wp-content/uploads/2019/06/Sysco-logo-300x115.png
tapestry,./logos/Tapestry-1-300x67.png,https://boldwebdesign.com.au/colour-palettes/wp-content/uploads/2019/06/Tapestry-1-300x67.png
targa-resources,./logos/3728729_TargaLogo-1-300x86.jpg,https://boldwebdesign.com.au/colour-palettes/wp-content/uploads/2019/06/3728729_TargaLogo-1-300x86.jpg
target,./logos/Target-Logo-300x260.png,https://boldwebdesign.com.au/colour-palettes/wp-content/uploads/2019/06/Target-Logo-300x260.png
tenet-healthcare,./logos/purepng.com-tenet-healthcare-logologobrand-logoiconslogos-251519939923okjvg-1-300x176.png,https://boldwebdesign.com.au/colour-palettes/wp-content/uploads/2019/06/purepng.com-tenet-healthcare-logologobrand-logoiconslogos-251519939923okjvg-1-300x176.png
tenneco,./logos/tenneco_logo-svg-1-300x74.png,https://boldwebdesign.com.au/colour-palettes/wp-content/uploads/2019/06/tenneco_logo-svg-1-300x74.png
tesla,./logos/Tesla-logo-2003-2500x2500-1-300x300.png,https://boldwebdesign.com.au/colour-palettes/wp-content/uploads/2019/06/Tesla-logo-2003-2500x2500-1-300x300.png
texas-instruments,./logos/Texas_Instruments_Logo-1-300x36.png,https://boldwebdesign.com.au/colour-palettes/wp-content/uploads/2019/06/Texas_Instruments_Logo-1-300x36.png
textron,./logos/4853b2f32d7b58b324acee600b0c0f28-1-300x174.png,https://boldwebdesign.com.au/colour-palettes/wp-content/uploads/2019/06/4853b2f32d7b58b324acee600b0c0f28-1-300x174.png
thermo-fisher-scientific,./logos/purepng.com-thermo-fisher-scientific-logologobrand-logoiconslogos-251519940288wy078-300x76.png,https://boldwebdesign.com.au/colour-palettes/wp-content/uploads/2019/06/purepng.com-thermo-fisher-scientific-logologobrand-logoiconslogos-251519940288wy078-300x76.png
thor-industries,./logos/1-1-3-1-300x85.jpg,https://boldwebdesign.com.au/colour-palettes/wp-content/uploads/2019/06/1-1-3-1-300x85.jpg
thrivent-financial-for-lutherans,./logos/thrivent-financial-for-lutherans-e1499707690576-1-300x192.jpg,https://boldwebdesign.com.au/colour-palettes/wp-content/uploads/2019/06/thrivent-financial-for-lutherans-e1499707690576-1-300x192.jpg
tiaa,./logos/ac45ff7d-ee91-4c4a-a739-50684dc3ecef-300x200.jpg,https://boldwebdesign.com.au/colour-palettes/wp-content/uploads/2019/06/ac45ff7d-ee91-4c4a-a739-50684dc3ecef-300x200.jpg
tjx,./logos/TJX.png.img_-300x168.png,https://boldwebdesign.com.au/colour-palettes/wp-content/uploads/2019/06/TJX.png.img_-300x168.png
toll-brothers,./logos/1920px-Toll_Brothers.svg_-1-300x47.png,https://boldwebdesign.com.au/colour-palettes/wp-content/uploads/2019/06/1920px-Toll_Brothers.svg_-1-300x47.png
tractor-supply,./logos/25072_tscologo-1-300x84.jpg,https://boldwebdesign.com.au/colour-palettes/wp-content/uploads/2019/06/25072_tscologo-1-300x84.jpg
travelcenters-of-america,./logos/TravelCenters-of-America-1-300x216.png,https://boldwebdesign.com.au/colour-palettes/wp-content/uploads/2019/06/TravelCenters-of-America-1-300x216.png
travelers,./logos/1920px-The_Travelers_Companies.svg_-300x70.png,https://boldwebdesign.com.au/colour-palettes/wp-content/uploads/2019/06/1920px-The_Travelers_Companies.svg_-300x70.png
treehouse-foods,./logos/tree-logo-1-1-300x188.png,https://boldwebdesign.com.au/colour-palettes/wp-content/uploads/2019/06/tree-logo-1-1-300x188.png
tyson-foods,./logos/kisspng-tyson-foods-hillshire-brands-company-food-logo.jpg-1500x845-300x169.png,https://boldwebdesign.com.au/colour-palettes/wp-content/uploads/2019/06/kisspng-tyson-foods-hillshire-brands-company-food-logo.jpg-1500x845-300x169.png
u-s-bancorp,./logos/us-bancorp-logo-png-transparent-300x300.png,https://boldwebdesign.com.au/colour-palettes/wp-content/uploads/2019/06/us-bancorp-logo-png-transparent-300x300.png
ugi-corporation,./logos/logo-300x221.jpg,https://boldwebdesign.com.au/colour-palettes/wp-content/uploads/2019/06/logo-300x221.jpg
ulta-beauty,./logos/1280px-Ulta_Beauty_logo.svg_-1-300x122.png,https://boldwebdesign.com.au/colour-palettes/wp-content/uploads/2019/06/1280px-Ulta_Beauty_logo.svg_-1-300x122.png
union-pacific-paper,./logos/1200px-Union_pacific_railroad_logo.svg_-260x300.png,https://boldwebdesign.com.au/colour-palettes/wp-content/uploads/2019/06/1200px-Union_pacific_railroad_logo.svg_-260x300.png
united-continental-holdings,./logos/united-ual-logo-300x225.png,https://boldwebdesign.com.au/colour-palettes/wp-content/uploads/2019/06/united-ual-logo-300x225.png
united-natural-foods,./logos/0-1-300x183.jpg,https://boldwebdesign.com.au/colour-palettes/wp-content/uploads/2019/06/0-1-300x183.jpg
united-parcel-service,./logos/2000px-United_Parcel_Service_logo_2014.svg_-1-252x300.png,https://boldwebdesign.com.au/colour-palettes/wp-content/uploads/2019/06/2000px-United_Parcel_Service_logo_2014.svg_-1-252x300.png
united-rentals,./logos/united-rentals-1-300x86.png,https://boldwebdesign.com.au/colour-palettes/wp-content/uploads/2019/06/united-rentals-1-300x86.png
united-states-steel,./logos/purepng.com-united-states-steel-logologobrand-logoiconslogos-251519938990g7cjf-1-300x75.png,https://boldwebdesign.com.au/colour-palettes/wp-content/uploads/2019/06/purepng.com-united-states-steel-logologobrand-logoiconslogos-251519938990g7cjf-1-300x75.png
united-technologies,./logos/united-technologies_owler_20160223_114706_original-300x72.png,https://boldwebdesign.com.au/colour-palettes/wp-content/uploads/2019/06/united-technologies_owler_20160223_114706_original-300x72.png
unitedhealth-group,./logos/UHCR_RGB-300x88.jpg,https://boldwebdesign.com.au/colour-palettes/wp-content/uploads/2019/06/UHCR_RGB-300x88.jpg
univar,./logos/100-2-1-300x157.jpg,https://boldwebdesign.com.au/colour-palettes/wp-content/uploads/2019/06/100-2-1-300x157.jpg
universal-health-services,./logos/UHS-1-300x151.jpg,https://boldwebdesign.com.au/colour-palettes/wp-content/uploads/2019/06/UHS-1-300x151.jpg
unum-group,./logos/purepng.com-unum-group-logologobrand-logoiconslogos-251519938333biqek-1-300x111.png,https://boldwebdesign.com.au/colour-palettes/wp-content/uploads/2019/06/purepng.com-unum-group-logologobrand-logoiconslogos-251519938333biqek-1-300x111.png
us-foods-holding,./logos/1200px-US_Foods_logo.svg_-300x278.png,https://boldwebdesign.com.au/colour-palettes/wp-content/uploads/2019/06/1200px-US_Foods_logo.svg_-300x278.png
usaa,./logos/1200px-USAA_logo.svg_-300x300.png,https://boldwebdesign.com.au/colour-palettes/wp-content/uploads/2019/06/1200px-USAA_logo.svg_-300x300.png
valero-energy,./logos/Valero-300x150.png,https://boldwebdesign.com.au/colour-palettes/wp-content/uploads/2019/06/Valero-300x150.png
veritiv,./logos/veritiv-logo-h-rgb-1-300x120.jpg,https://boldwebdesign.com.au/colour-palettes/wp-content/uploads/2019/06/veritiv-logo-h-rgb-1-300x120.jpg
verizon-communications,./logos/Verizon20Communications-300x67.png,https://boldwebdesign.com.au/colour-palettes/wp-content/uploads/2019/06/Verizon20Communications-300x67.png
vf,./logos/vf_circle_logo-1-300x300.jpg,https://boldwebdesign.com.au/colour-palettes/wp-content/uploads/2019/06/vf_circle_logo-1-300x300.jpg
visa,./logos/VISA-logo-1-300x122.png,https://boldwebdesign.com.au/colour-palettes/wp-content/uploads/2019/06/VISA-logo-1-300x122.png
vistra-energ,./logos/1-2-3-1-300x103.jpg,https://boldwebdesign.com.au/colour-palettes/wp-content/uploads/2019/06/1-2-3-1-300x103.jpg
voya-financial,./logos/social_logo-1-300x157.jpg,https://boldwebdesign.com.au/colour-palettes/wp-content/uploads/2019/06/social_logo-1-300x157.jpg
w-r-berkley,./logos/Berkley_logo_hor.PAN3431-1-300x92.png,https://boldwebdesign.com.au/colour-palettes/wp-content/uploads/2019/06/Berkley_logo_hor.PAN3431-1-300x92.png
w-w-grainger,./logos/WW20Grainger-1-300x68.jpg,https://boldwebdesign.com.au/colour-palettes/wp-content/uploads/2019/06/WW20Grainger-1-300x68.jpg
walgreens-boots-alliance,./logos/purepng.com-walgreens-boots-alliance-logologobrand-logoiconslogos-251519938605h2hmg-300x89.png,https://boldwebdesign.com.au/colour-palettes/wp-content/uploads/2019/06/purepng.com-walgreens-boots-alliance-logologobrand-logoiconslogos-251519938605h2hmg-300x89.png
walmart,./logos/Walmart-logo-300x81.png,https://boldwebdesign.com.au/colour-palettes/wp-content/uploads/2019/06/Walmart-logo-300x81.png
waste-management,./logos/waste-management-logo-1-300x106.png,https://boldwebdesign.com.au/colour-palettes/wp-content/uploads/2019/06/waste-management-logo-1-300x106.png
wayfair,./logos/New_Wayfair_logo-1-300x122.jpg,https://boldwebdesign.com.au/colour-palettes/wp-content/uploads/2019/06/New_Wayfair_logo-1-300x122.jpg
wec-energy-group,./logos/20475971-14468024667642505-Khen-Elazar_origin-1-300x81.png,https://boldwebdesign.com.au/colour-palettes/wp-content/uploads/2019/06/20475971-14468024667642505-Khen-Elazar_origin-1-300x81.png
wellcare-health-plans,./logos/wellcare-logo-1-300x120.png,https://boldwebdesign.com.au/colour-palettes/wp-content/uploads/2019/06/wellcare-logo-1-300x120.png
wells-fargo,./logos/1024px-Wells_Fargo_Bank.svg_-300x300.png,https://boldwebdesign.com.au/colour-palettes/wp-content/uploads/2019/06/1024px-Wells_Fargo_Bank.svg_-300x300.png
wesco-international,./logos/wesco-distribution-1-1-300x288.jpg,https://boldwebdesign.com.au/colour-palettes/wp-content/uploads/2019/06/wesco-distribution-1-1-300x288.jpg
western-southern-financial-group,./logos/FB_logo-1-1-300x93.png,https://boldwebdesign.com.au/colour-palettes/wp-content/uploads/2019/06/FB_logo-1-1-300x93.png
western-union,./logos/western-union-vector-logo-1-300x167.png,https://boldwebdesign.com.au/colour-palettes/wp-content/uploads/2019/06/western-union-vector-logo-1-300x167.png
westlake-chemical,./logos/westlake-chemical_owler_20160622_051700_original-1-300x95.jpg,https://boldwebdesign.com.au/colour-palettes/wp-content/uploads/2019/06/westlake-chemical_owler_20160622_051700_original-1-300x95.jpg
westrock,./logos/purepng.com-westrock-logologobrand-logoiconslogos-251519938196vvilf-1-300x86.png,https://boldwebdesign.com.au/colour-palettes/wp-content/uploads/2019/06/purepng.com-westrock-logologobrand-logoiconslogos-251519938196vvilf-1-300x86.png
weyerhaeuser,./logos/Weyerhaeuser-1-300x169.png,https://boldwebdesign.com.au/colour-palettes/wp-content/uploads/2019/06/Weyerhaeuser-1-300x169.png
williams,./logos/Williams-1-300x159.png,https://boldwebdesign.com.au/colour-palettes/wp-content/uploads/2019/06/Williams-1-300x159.png
williams-sonoma,./logos/1920px-Williams-Sonoma_logo.svg_-1-300x22.png,https://boldwebdesign.com.au/colour-palettes/wp-content/uploads/2019/06/1920px-Williams-Sonoma_logo.svg_-1-300x22.png
windstream-holdings,./logos/1200px-Windstream_Communications.svg-1-1-300x101.png,https://boldwebdesign.com.au/colour-palettes/wp-content/uploads/2019/06/1200px-Windstream_Communications.svg-1-1-300x101.png
world-fuel-services,./logos/w-300x148.png,https://boldwebdesign.com.au/colour-palettes/wp-content/uploads/2019/06/w-300x148.png
wynn-resorts,./logos/1-7-1-300x132.jpg,https://boldwebdesign.com.au/colour-palettes/wp-content/uploads/2019/06/1-7-1-300x132.jpg
xcel-energy,./logos/Xcel_Energy_logo-1-300x64.png,https://boldwebdesign.com.au/colour-palettes/wp-content/uploads/2019/06/Xcel_Energy_logo-1-300x64.png
xerox,./logos/xerox-logo-vector-png-xerox-logo-vector-3092-1-300x65.jpg,https://boldwebdesign.com.au/colour-palettes/wp-content/uploads/2019/06/xerox-logo-vector-png-xerox-logo-vector-3092-1-300x65.jpg
xpo-logistics,./logos/LogoForNewsroom_MOViQ7r-1-300x169.jpg,https://boldwebdesign.com.au/colour-palettes/wp-content/uploads/2019/06/LogoForNewsroom_MOViQ7r-1-300x169.jpg
yum-brands,./logos/1200px-Yum_Brands_logo.svg_-1-300x250.png,https://boldwebdesign.com.au/colour-palettes/wp-content/uploads/2019/06/1200px-Yum_Brands_logo.svg_-1-300x250.png
yum-china-holdings,./logos/YUMC_pos-alpha_1920-web-e1480531426752-1-300x280.png,https://boldwebdesign.com.au/colour-palettes/wp-content/uploads/2019/06/YUMC_pos-alpha_1920-web-e1480531426752-1-300x280.png
zimmer-biomet-holdings,./logos/zb_v-1-300x116.jpeg,https://boldwebdesign.com.au/colour-palettes/wp-content/uploads/2019/06/zb_v-1-300x116.jpeg
zoetis,./logos/Zoetis-1-300x112.jpg,https://boldwebdesign.com.au/colour-palettes/wp-content/uploads/2019/06/Zoetis-1-300x112.jpg
